key,color,desc,img,isAutoCancel,jta,name,pos,state,time,type
511110003_28,,近防加强,,0,,近防加强,0,6,0,1
511110002_12,,生命加强,,0,,生命加强,0,6,0,1
801000200_1,,无法移动和攻击，持续1秒,1004,0,188810004,地怒,0,3,1000,2
800000017_5,,连斩数量达到100，攻击力提高15%，生命值提高15%。,2001,0,750000002,100连斩,3,6,600000,1
511110005_10,,魔防加强,,0,,魔防加强,0,6,0,1
750000004_2,,霜冻之环：被冰冻定身，8秒内无法移动。,1002,0,750000004,霜冻之环,3,1,6000,2
511110004_39,,远防加强,,0,,远防加强,0,6,0,1
770000005_2,,为玩家增加命中值,1607,0,510000033,准元护体,3,6,1001,1
511110003_4,,近防加强,,0,,近防加强,0,6,0,1
100000019_7,,骑乘状态下移动速度+70%,5020,0,,坐骑加速,0,6,-1,1
790000001_1,,正在积蓄巨大能量，无法移动，持续3.5秒,1002,0,188810036,积蓄能量,3,1,3000,2
511110001_2,,攻击加强,,0,,攻击加强,0,6,0,1
770000004_10,,每秒为玩家回复一定生命值,1023,0,530000019,回天之术,3,6,1001,1
912100001_1,2,每秒回复2%的生命值，持续10秒,1005,0,222210001,（改）复苏,0,6,10000,1
750000005_4,,血色狂热：增加自身114攻击力。,1001,0,,血色狂热,3,6,30000,1
530000004_4,,昏迷2.1秒,1004,0,188810004,斩龙,1,3,2100,2
511110005_37,,魔防加强,,0,,魔防加强,0,6,0,1
813000002_3,,（改）灵魂爆发，攻击提升230，防御提升142，命中提升17，暴击提升17,1016,1,188810036,（改）灵魂爆发,3,6,15000,1
750000002_4,,明王化身：增加自身285点攻击力，持续8秒。,1001,0,750000002,明王化身,3,6,8000,1
801000500_1,,生命值+50，攻击+5，防御+5,9202,0,0,萍水相逢,0,6,-1,1
520000006_8,,暴击+240，命中+240,1016,1,188810002,乱舞,3,6,15000,1
750000017_1,,灵守四方（魔）：增加自身15魔攻防御力。,1613,0,,灵守四方（魔）,3,6,30000,1
910300001_1,,每秒为玩家回复一定生命值,1023,0,530000019,回天之泉,3,6,10000,1
510000003_10,,每秒减少200点生命,1005,0,590000441,雾霾,3,4,6000,2
511110001_15,,攻击加强,,0,,攻击加强,0,6,0,1
801000200_9,,无法移动和攻击，持续5秒,1004,0,188810004,地怒,0,3,5000,2
530000004_1,,昏迷1.5秒,1004,0,188810004,斩龙,1,3,1500,2
770000001_26,,提升玩家的攻击力（攻击水晶）,1001,0,750000002,力灵术,3,6,0,1
801000200_6,,无法移动和攻击，持续3.5秒,1004,0,188810004,地怒,0,3,3500,2
770000002_2,,提升玩家的防御力（防御水晶）,1008,0,750000003,御灵术,3,6,30000,1
511110004_41,,远防加强,,0,,远防加强,0,6,0,1
511110002_23,,生命加强,,0,,生命加强,0,6,0,1
801000200_3,,无法移动和攻击，持续2秒,1004,0,188810004,地怒,0,3,2000,2
511110002_19,,生命加强,,0,,生命加强,0,6,0,1
100000019_5,,骑乘状态下移动速度+60%,5020,0,,坐骑加速,0,6,-1,1
800000011_1,,提升自身攻击、防御5%，持续3分钟。,1610,1,0,上品仙丹,0,6,180000,1
770000001_29,,提升玩家的攻击力（攻击水晶）,1001,0,750000002,力灵术,3,6,0,1
530000005_6,,伤害减免+320，持续10秒,1008,0,188810001,还神,2,6,10000,1
800000016_2,,中品加成区域：每10秒可获得20倍灵力和经验加成。,1609,0,510000035,中品加成区域,3,6,-1,1
511110001_46,,攻击加强,,0,,攻击加强,0,6,0,1
770000007_1,,舍身爆破,0,0,0,舍身爆破,3,5,1000,1
511110004_25,,远防加强,,0,,远防加强,0,6,0,1
511110002_13,,生命加强,,0,,生命加强,0,6,0,1
600000066_1,,打断目标正在使用的吟唱技能,1003,0,713100002,技能打断,1,2,100,2
750000015_10,,灵守四方（远）：增加自身619远攻防御力。,1612,0,,灵守四方（远）,3,6,30000,1
770000002_22,,提升玩家的防御力（防御水晶）,1008,0,750000003,御灵术,3,6,120000,1
780000005_2,,无法移动和攻击，持续5秒,1004,0,560000003,昏迷,1,3,5000,2
750000021_3,,每秒回复5377生命值,,0,,通灵回天术,3,6,1200000,1
511110005_44,,魔防加强,,0,,魔防加强,0,6,0,1
780000009_1,,每秒回复3%的生命值，持续10秒,1023,0,222210001,回春,3,6,10000,1
511110004_11,,远防加强,,0,,远防加强,0,6,0,1
520000003_1,[0，0，0，0],移动速度降低30%，防御力-2%,1019,0,188810006,星陨,3,5,6000,2
910200004_1,,防御力下降80%,1008,0,,失去玄武守护,0,6,10000000,1
511110002_24,,生命加强,,0,,生命加强,0,6,0,1
770000004_6,,每秒为玩家回复一定生命值,1023,0,530000019,回天之术,3,6,1001,1
800000014_1,,复活保护：在战场复活点复活后5秒内处于无敌状态。,1800,0,750000003,复活保护,3,7,5000,1
750000020_1,,每秒回复1238生命值,,0,,通灵回天术,3,6,1200000,1
511110005_38,,魔防加强,,0,,魔防加强,0,6,0,1
511110004_46,,远防加强,,0,,远防加强,0,6,0,1
750000005_10,,血色狂热：增加自身720攻击力。,1001,0,,血色狂热,3,6,30000,1
800000015_1,,复活保护：在战场复活点复活后处于无敌状态。,1800,0,750000003,复活保护,3,7,20000,1
600000064_2,,上品龙首丹：每10秒回复一定量的法力，每次最高回复600点法力,1050,1,,上品龙首丹,0,6,-1,1
770000003_3,,爆灵术,1021,0,0,爆灵术,3,6,0,2
813000002_2,,（改）灵魂爆发，攻击提升184，防御提升114，命中提升14，暴击提升14,1016,1,188810036,（改）灵魂爆发,3,6,15000,1
750000006_2,,灵守四方（远）：增加自身28远攻防御力。,1612,0,,灵守四方（远）,3,6,30000,1
750000004_3,,霜冻之环：被冰冻定身，8秒内无法移动。,1002,0,750000004,霜冻之环,3,1,6000,2
920500001_1,,攻击力，防御力提高50%,1611,0,590000427,（改）狂暴的混沌炎魔,3,6,40000,1
750000014_4,,血色狂热：增加自身234攻击力。,1001,0,,血色狂热,3,6,30000,1
750000007_10,,灵守四方（近）：增加自身508近攻防御力。,1611,0,,灵守四方（近）,3,6,30000,1
910700001_1,,攻击力，防御力提高50%,8601,0,,BOSS无敌BUFF,0,6,10000,1
511110005_49,,魔防加强,,0,,魔防加强,0,6,0,1
600000025_1,,瞬间移动到目标面前,0,0,0,瞬移,0,6,0,1
780000001_1,,造成爆炸伤害2928点,1005,0,0,自爆,0,6,0,2
750000004_7,,霜冻之环：被冰冻定身，8秒内无法移动。,1002,0,750000004,霜冻之环,3,1,8000,2
770000001_3,,提升玩家的攻击力（攻击水晶）,1001,0,750000002,力灵术,3,6,36000,1
520000004_6,,定身状态，无法移动,1002,0,590000434,缠魂,3,1,3800,2
750000005_7,,血色狂热：增加自身276攻击力。,1001,0,,血色狂热,3,6,30000,1
910600001_1,,攻击力，防御力提高50%,1609,0,750000002,至阳护盾,3,6,100000,1
511110005_41,,魔防加强,,0,,魔防加强,0,6,0,1
770000003_9,,爆灵术,1021,0,0,爆灵术,3,6,0,2
540000001_1,,每5秒恢复生命值168,1023,0,,（改）治愈效果,0,6,15000,1
750000001_6,,月华之生：每秒回复381点生命，持续5秒，总共回复1905点生命值。,1023,0,222210001,月华之生,3,6,5010,1
511110001_35,,攻击加强,,0,,攻击加强,0,6,0,1
510000005_3,,自身回复26%生命,0,0,0,灵华,0,6,0,1
510000004_4,,沉默状态，无法使用技能,1003,0,188810008,天劫,1,2,3600,2
750000014_9,,血色狂热：增加自身1736攻击力。,1001,0,,血色狂热,3,6,30000,1
770000003_13,,爆灵术,1021,0,0,爆灵术,3,6,0,2
511110005_46,,魔防加强,,0,,魔防加强,0,6,0,1
750000016_7,,灵守四方（近）：增加自身428近攻防御力。,1611,0,,灵守四方（近）,3,6,30000,1
770000003_28,,爆灵术,1021,0,0,爆灵术,3,6,0,2
800000016_3,,上品加成区域：每10秒可获得30倍灵力和经验加成。,1046,0,510000039,上品加成区域,3,6,-1,1
770000003_18,,爆灵术,1021,0,0,爆灵术,3,6,0,2
510000006_9,,清除负面状态，回复26%生命,0,0,0,祥瑞,0,6,0,1
511110001_47,,攻击加强,,0,,攻击加强,0,6,0,1
800000008_1,,减少自身所受到的伤害，持续2分30秒！,1008,1,750000003,镖师的祝福,3,6,150000,1
530000006_1,,攻击-15%，持续15秒,1006,0,188810005,天煞,0,6,15000,1
770000003_24,,爆灵术,1021,0,0,爆灵术,3,6,0,2
520000004_10,,定身状态，无法移动,1002,0,590000434,缠魂,3,1,5000,2
510000003_1,,每秒减少20点生命,1005,0,590000441,雾霾,3,4,6000,2
813000002_6,,（改）灵魂爆发，攻击提升450，防御提升278，命中提升33，暴击提升33,1016,1,188810036,（改）灵魂爆发,3,6,15000,1
511110003_15,,近防加强,,0,,近防加强,0,6,0,1
511110001_1,,攻击加强,,0,,攻击加强,0,6,0,1
911800002_1,,攻击力，防御力降低50%,9004,0,590000432,寒风彻骨,2,6,20000,1
520000003_10,[0，0，0，0],移动速度降低30%，防御力-20%,1019,0,188810006,星陨,3,5,6000,2
511110002_22,,生命加强,,0,,生命加强,0,6,0,1
770000004_11,,每秒为玩家回复一定生命值,1023,0,530000019,回天之术,3,6,1001,1
750000016_5,,灵守四方（近）：增加自身108近攻防御力。,1611,0,,灵守四方（近）,3,6,30000,1
910200001_1,,命中率下降80%,1016,0,,失去青龙守护,0,6,10000000,1
511110002_38,,生命加强,,0,,生命加强,0,6,0,1
770000001_22,,提升玩家的攻击力（攻击水晶）,1001,0,750000002,力灵术,3,6,120000,1
780000007_1,,削弱状态：移动速度降低60%,1019,0,530000007,减速,3,5,5000,2
511110001_23,,攻击加强,,0,,攻击加强,0,6,0,1
750000007_3,,灵守四方（近）：增加自身39近攻防御力。,1611,0,,灵守四方（近）,3,6,30000,1
911600002_1,,防御力提高3000,1015,0,,寒冰护体,0,6,60000,1
770000002_7,,提升玩家的防御力（防御水晶）,1008,0,750000003,御灵术,3,6,60000,1
511110002_20,,生命加强,,0,,生命加强,0,6,0,1
911700001_1,,攻击力，防御力提高50%,1611,0,590000427,金石之祝,3,6,25000,1
750000018_1,,增加自身生命值上限,1613,0,,通灵傲天BUFF,3,6,-1,1
511110001_4,,攻击加强,,0,,攻击加强,0,6,0,1
540000001_3,,每5秒恢复生命值262,1023,0,,（改）治愈效果,0,6,15000,1
511110002_47,,生命加强,,0,,生命加强,0,6,0,1
770000005_3,,为玩家增加命中值,1607,0,510000033,准元护体,3,6,1001,1
801000500_2,,生命值+100，攻击+25，防御+20,9202,0,0,点头之交,0,6,-1,1
511110002_14,,生命加强,,0,,生命加强,0,6,0,1
750000018_7,,增加自身生命值上限,1613,0,,通灵傲天BUFF,3,6,-1,1
813000002_7,,（改）灵魂爆发，攻击提升563，防御提升348，命中提升41，暴击提升41,1016,1,188810036,（改）灵魂爆发,3,6,15000,1
511110003_8,,近防加强,,0,,近防加强,0,6,0,1
500000001_1,,加入了红色麒麟阵营(变身状态无法使用技能和坐骑）,1101,0,,红色麒麟,0,2,300000,1
911700005_2,,攻击力，防御力提高50%,,0,,后土之祝,3,6,2000,1
750000002_5,,明王化身：增加自身358点攻击力，持续8秒。,1001,0,750000002,明王化身,3,6,8000,1
510000004_1,,沉默状态，无法使用技能,1003,0,188810008,天劫,1,2,2400,2
911800001_1,,攻击力，防御力降低50%,1609,0,590000433,烈火焚身,2,6,20000,1
511110004_3,,远防加强,,0,,远防加强,0,6,0,1
770000002_3,,提升玩家的防御力（防御水晶）,1008,0,750000003,御灵术,3,6,36000,1
511110001_26,,攻击加强,,0,,攻击加强,0,6,0,1
750000016_10,,灵守四方（近）：增加自身619近攻防御力。,1611,0,,灵守四方（近）,3,6,30000,1
910100001_1,,失去庇护的恶鬼：攻击力，防御力降低30%,1610,0,0,失去庇护的恶鬼,3,6,1000000,1
511110002_45,,生命加强,,0,,生命加强,0,6,0,1
511110003_5,,近防加强,,0,,近防加强,0,6,0,1
770000002_23,,提升玩家的防御力（防御水晶）,1008,0,750000003,御灵术,3,6,120000,1
770000003_4,,爆灵术,1021,0,0,爆灵术,3,6,0,2
530000004_5,,昏迷2.3秒,1004,0,188810004,斩龙,1,3,2300,2
500000005_1,,吸收仙门驻地灵气，持续获得大量经验和灵力。,8512,0,540000001,仙门聚灵buff,3,6,-1,1
511110003_47,,近防加强,,0,,近防加强,0,6,0,1
770000001_30,,提升玩家的攻击力（攻击水晶）,1001,0,750000002,力灵术,3,6,0,1
510000005_4,,自身回复29%生命,0,0,0,灵华,0,6,0,1
511110004_19,,远防加强,,0,,远防加强,0,6,0,1
911800001_2,,攻击力，防御力降低50%,,0,,烈火熊熊,2,6,2000,1
530000005_7,,伤害减免+340，持续10秒,1008,0,188810001,还神,2,6,10000,1
750000004_4,,霜冻之环：被冰冻定身，8秒内无法移动。,1002,0,750000004,霜冻之环,3,1,8000,2
540000001_10,,每5秒恢复生命值1250,1023,0,,（改）治愈效果,0,6,15000,1
511110003_34,,近防加强,,0,,近防加强,0,6,0,1
750000020_2,,每秒回复1486生命值,,0,,通灵回天术,3,6,1200000,1
511110004_4,,远防加强,,0,,远防加强,0,6,0,1
520000003_2,[0，0，0，0],移动速度降低30%，防御力-4%,1019,0,188810006,星陨,3,5,6000,2
600000064_3,,王品龙首丹：每10秒回复一定量的法力，每次最高回复800点法力,1050,1,,王品龙首丹,0,6,-1,1
770000001_4,,提升玩家的攻击力（攻击水晶）,1001,0,750000002,力灵术,3,6,60000,1
912000001_1,2,伤害4021的生命值,1005,0,0,（改）烈焰风暴,0,6,0,2
511110003_35,,近防加强,,0,,近防加强,0,6,0,1
750000014_5,,血色狂热：增加自身370攻击力。,1001,0,,血色狂热,3,6,30000,1
511110004_47,,远防加强,,0,,远防加强,0,6,0,1
510000004_5,,沉默状态，无法使用技能,1003,0,188810008,天劫,1,2,4000,2
750000021_4,,每秒回复10440生命值,,0,,通灵回天术,3,6,1200000,1
750000006_3,,灵守四方（远）：增加自身39远攻防御力。,1612,0,,灵守四方（远）,3,6,30000,1
813000002_10,,（改）灵魂爆发，攻击提升1100，防御提升680，命中提升80，暴击提升80,1016,1,188810036,（改）灵魂爆发,3,6,15000,1
511110001_39,,攻击加强,,0,,攻击加强,0,6,0,1
530000004_2,,昏迷1.7秒,1004,0,188810004,斩龙,1,3,1700,2
511110002_21,,生命加强,,0,,生命加强,0,6,0,1
770000003_14,,爆灵术,1021,0,0,爆灵术,3,6,0,2
750000014_10,,血色狂热：增加自身2150攻击力。,1001,0,,血色狂热,3,6,30000,1
750000001_7,,月华之生：每秒回复527点生命，持续5秒，总共回复2635点生命值。,1023,0,222210001,月华之生,3,6,5010,1
910600002_1,,攻击力，防御力提高50%,8326,0,750000003,至阴护盾,3,6,100000,1
511110002_27,,生命加强,,0,,生命加强,0,6,0,1
200000500_3,,防御+7%，持续30分钟,3103,1,,上品防御丹,0,6,1800000,1
511110003_29,,近防加强,,0,,近防加强,0,6,0,1
750000004_9,,霜冻之环：被冰冻定身，8秒内无法移动。,1002,0,750000004,霜冻之环,3,1,8000,2
520000003_7,[0，0，0，0],移动速度降低30%，防御力-14%,1019,0,188810006,星陨,3,5,6000,2
770000003_29,,爆灵术,1021,0,0,爆灵术,3,6,0,2
530000003_2,[0，0，0，0],减速50%，持续2.5秒,1019,0,188810003,破魔,3,5,2500,2
770000006_1,,为玩家增加韧性值,1618,0,510000033,韧元护体,3,6,1001,1
511110002_15,,生命加强,,0,,生命加强,0,6,0,1
511110003_16,,近防加强,,0,,近防加强,0,6,0,1
912100002_1,2,直接伤害-20%的生命值,1005,0,530000007,（改）爆炸,0,6,1001,2
530000006_2,,攻击-16%，持续15秒,1006,0,188810005,天煞,0,6,15000,1
780000001_3,,造成爆炸伤害7910点,1005,0,0,自爆,0,6,0,2
770000004_12,,每秒为玩家回复一定生命值,1023,0,530000019,回天之术,3,6,1001,1
750000008_0,,灵守四方（魔）：增加自身魔攻防御力。,1613,0,,灵守四方（魔）,3,6,30000,1
200000100_1,,近防+2%，持续30分钟,1028,1,,近防金丹,0,6,1800000,1
770000002_8,,提升玩家的防御力（防御水晶）,1008,0,750000003,御灵术,3,6,60000,1
813000002_1,,（改）灵魂爆发，攻击提升147，防御提升91，命中提升11，暴击提升11,1016,1,188810036,（改）灵魂爆发,3,6,15000,1
511110005_12,,魔防加强,,0,,魔防加强,0,6,0,1
300000000_1,,修灵状态下每10秒可获得2倍的经验和灵力,3000,0,,打坐buff,2,6,-1,1
750000017_2,,灵守四方（魔）：增加自身28魔攻防御力。,1613,0,,灵守四方（魔）,3,6,30000,1
600000065_1,,国王战获胜后奖励，打怪或者密修获得经验和灵力的效率提高100%（可与双倍经验丹效果叠加）,9201,1,,胜者为王,0,9,7200000,1
511110002_35,,生命加强,,0,,生命加强,0,6,0,1
511110004_26,,远防加强,,0,,远防加强,0,6,0,1
750000006_0,,灵守四方（远）：增加自身远攻防御力。,1612,0,,灵守四方（远）,3,6,30000,1
200000000_1,,修灵状态下每10秒可获得1.5倍的经验和灵力,2000,0,,打坐buff,2,6,-1,1
510000006_7,,清除负面状态，回复22%生命,0,0,0,祥瑞,0,6,0,1
100000019_1,,骑乘状态下移动速度+15%,5020,0,,坐骑加速,0,6,-1,1
511110001_38,,攻击加强,,0,,攻击加强,0,6,0,1
520000006_9,,暴击+260，命中+260,1016,1,188810002,乱舞,3,6,15000,1
770000004_7,,每秒为玩家回复一定生命值,1023,0,530000019,回天之术,3,6,1001,1
511110003_36,,近防加强,,0,,近防加强,0,6,0,1
511110004_1,,远防加强,,0,,远防加强,0,6,0,1
750000005_1,,血色狂热：增加自身25攻击力。,1001,0,,血色狂热,3,6,30000,1
100000019_8,,骑乘状态下移动速度+80%,5020,0,,坐骑加速,0,6,-1,1
800000002_1,,变身为狼王，提高攻击力10%，持续2分钟,7602,1,0,狼王变身,3,6,120000,1
511110001_36,,攻击加强,,0,,攻击加强,0,6,0,1
750000016_2,,灵守四方（近）：增加自身28近攻防御力。,1611,0,,灵守四方（近）,3,6,30000,1
912100003_1,2,每秒伤害2%的生命值，持续15秒,1005,0,188810033,腐蚀剧毒,3,6,15000,2
770000002_24,,提升玩家的防御力（防御水晶）,1008,0,750000003,御灵术,3,6,144000,1
770000001_27,,提升玩家的攻击力（攻击水晶）,1001,0,750000002,力灵术,3,6,0,1
510000005_5,,自身回复32%生命,0,0,0,灵华,0,6,0,1
750000005_5,,血色狂热：增加自身143攻击力。,1001,0,,血色狂热,3,6,30000,1
511110001_12,,攻击加强,,0,,攻击加强,0,6,0,1
511110004_35,,远防加强,,0,,远防加强,0,6,0,1
540000001_2,,每5秒恢复生命值210,1023,0,,（改）治愈效果,0,6,15000,1
750000002_6,,明王化身：增加自身455点攻击力，持续8秒。,1001,0,750000002,明王化身,3,6,8000,1
511110001_24,,攻击加强,,0,,攻击加强,0,6,0,1
750000005_8,,血色狂热：增加自身318攻击力。,1001,0,,血色狂热,3,6,30000,1
750000004_5,,霜冻之环：被冰冻定身，8秒内无法移动。,1002,0,750000004,霜冻之环,3,1,8000,2
511110002_26,,生命加强,,0,,生命加强,0,6,0,1
770000002_4,,提升玩家的防御力（防御水晶）,1008,0,750000003,御灵术,3,6,60000,1
930000003_1,,自身防御降低50%,1011,0,188810027,（改）灵能破甲,3,16,4000,1
770000001_19,,提升玩家的攻击力（攻击水晶）,1001,0,750000002,力灵术,3,6,120000,1
510000003_2,,每秒减少40点生命,1005,0,590000441,雾霾,3,4,6000,2
750000007_4,,灵守四方（近）：增加自身74近攻防御力。,1611,0,,灵守四方（近）,3,6,30000,1
770000003_12,,爆灵术,1021,0,0,爆灵术,3,6,0,2
920400002_1,,攻击力，防御力提高50%,1611,0,590000427,（改）狂暴的罗刹刑天,3,6,25000,1
750000015_0,,灵守四方（远）：增加自身远攻防御力。,1612,0,,灵守四方（远）,3,6,30000,1
750000018_8,,增加自身生命值上限,1613,0,,通灵傲天BUFF,3,6,-1,1
600000047_4,,直接回复12000点生命,0,0,0,回血,0,2,6,1
600000049_0,,凡品还魂丹：每10秒回复一定量的生命，每次最高回复400点生命,1049,1,,凡品还魂丹,0,6,-1,1
770000001_5,,提升玩家的攻击力（攻击水晶）,1001,0,750000002,力灵术,3,6,60000,1
770000003_25,,爆灵术,1021,0,0,爆灵术,3,6,0,2
511110002_30,,生命加强,,0,,生命加强,0,6,0,1
511110005_40,,魔防加强,,0,,魔防加强,0,6,0,1
100000019_6,,骑乘状态下移动速度+65%,5020,0,,坐骑加速,0,6,-1,1
511110003_9,,近防加强,,0,,近防加强,0,6,0,1
750000020_3,,每秒回复3164生命值,,0,,通灵回天术,3,6,1200000,1
530000006_3,,攻击-17%，持续15秒,1006,0,188810005,天煞,0,6,15000,1
500000004_1,,温泉泡澡状态下可以获得经验及灵力。当前状态无法召唤坐骑。,1103,0,,温泉女,0,6,-1,1
750000014_6,,血色狂热：增加自身737攻击力。,1001,0,,血色狂热,3,6,30000,1
511110004_48,,远防加强,,0,,远防加强,0,6,0,1
750000021_1,,每秒回复641生命值,,0,,通灵回天术,3,6,1200000,1
750000016_8,,灵守四方（近）：增加自身547近攻防御力。,1611,0,,灵守四方（近）,3,6,30000,1
770000003_11,,爆灵术,1021,0,0,爆灵术,3,6,0,2
750000018_2,,增加自身生命值上限,1613,0,,通灵傲天BUFF,3,6,-1,1
520000003_9,[0，0，0，0],移动速度降低30%，防御力-18%,1019,0,188810006,星陨,3,5,6000,2
510000004_2,,沉默状态，无法使用技能,1003,0,188810008,天劫,1,2,2800,2
770000003_5,,爆灵术,1021,0,0,爆灵术,3,6,0,2
750000021_5,,每秒回复29547生命值,,0,,通灵回天术,3,6,1200000,1
770000003_19,,爆灵术,1021,0,0,爆灵术,3,6,0,2
813000003_1,,攻击力提高50%,1610,0,188810036,狂暴,3,6,60000,1
770000004_13,,每秒为玩家回复一定生命值,1023,0,530000019,回天之术,3,6,1001,1
750000001_8,,月华之生：每秒回复616点生命，持续5秒，总共回复3080点生命值。,1023,0,222210001,月华之生,3,6,5010,1
530000004_6,,昏迷2.5秒,1004,0,188810004,斩龙,1,3,2500,2
770000003_30,,爆灵术,1021,0,0,爆灵术,3,6,0,2
511110001_16,,攻击加强,,0,,攻击加强,0,6,0,1
750000006_4,,灵守四方（远）：增加自身74远攻防御力。,1612,0,,灵守四方（远）,3,6,30000,1
510000004_6,,沉默状态，无法使用技能,1003,0,188810008,天劫,1,2,4400,2
100000019_4,,骑乘状态下移动速度+50%,5020,0,,坐骑加速,0,6,-1,1
770000002_9,,提升玩家的防御力（防御水晶）,1008,0,750000003,御灵术,3,6,72000,1
750000015_9,,灵守四方（远）：增加自身557远攻防御力。,1612,0,,灵守四方（远）,3,6,30000,1
510000005_6,,自身回复35%生命,0,0,0,灵华,0,6,0,1
770000004_8,,每秒为玩家回复一定生命值,1023,0,530000019,回天之术,3,6,1001,1
511110001_6,,攻击加强,,0,,攻击加强,0,6,0,1
600000064_0,,凡品龙首丹：每10秒回复一定量的法力，每次最高回复200点法力,1050,1,,凡品龙首丹,0,6,-1,1
750000004_8,,霜冻之环：被冰冻定身，8秒内无法移动。,1002,0,750000004,霜冻之环,3,1,8000,2
520000004_7,,定身状态，无法移动,1002,0,590000434,缠魂,3,1,4100,2
770000004_1,,每秒为玩家回复一定生命值,1023,0,530000019,回天之术,3,6,1001,1
530000005_8,,伤害减免+360，持续10秒,1008,0,188810001,还神,2,6,10000,1
770000003_6,,爆灵术,1021,0,0,爆灵术,3,6,0,2
520000006_1,,暴击+100，命中+100,1016,1,188810002,乱舞,3,6,15000,1
930000004_1,,减速60%,1012,0,188810008,（改）灵能震荡,3,14,4000,1
511110001_27,,攻击加强,,0,,攻击加强,0,6,0,1
511110005_19,,魔防加强,,0,,魔防加强,0,6,0,1
511110003_6,,近防加强,,0,,近防加强,0,6,0,1
750000008_1,,灵守四方（魔）：增加自身13魔攻防御力。,1613,0,,灵守四方（魔）,3,6,30000,1
770000002_25,,提升玩家的防御力（防御水晶）,1008,0,750000003,御灵术,3,6,0,1
750000017_0,,灵守四方（魔）：增加自身魔攻防御力。,1613,0,,灵守四方（魔）,3,6,30000,1
511110003_30,,近防加强,,0,,近防加强,0,6,0,1
511110002_48,,生命加强,,0,,生命加强,0,6,0,1
500000003_1,,温泉泡澡状态下可以获得经验及灵力。当前状态无法召唤坐骑。,1103,0,,温泉男,0,6,-1,1
511110001_49,,攻击加强,,0,,攻击加强,0,6,0,1
511110005_1,,魔防加强,,0,,魔防加强,0,6,0,1
750000015_1,,灵守四方（远）：增加自身15远攻防御力。,1612,0,,灵守四方（远）,3,6,30000,1
511110002_16,,生命加强,,0,,生命加强,0,6,0,1
520000003_6,[0，0，0，0],移动速度降低30%，防御力-12%,1019,0,188810006,星陨,3,5,6000,2
511110001_40,,攻击加强,,0,,攻击加强,0,6,0,1
200000200_1,,远防+2%，持续30分钟,1607,1,,远防金丹,0,6,1800000,1
511110001_3,,攻击加强,,0,,攻击加强,0,6,0,1
530000004_3,,昏迷1.9秒,1004,0,188810004,斩龙,1,3,1900,2
520000004_1,,定身状态，无法移动,1002,0,590000434,缠魂,3,1,2300,2
770000001_6,,提升玩家的攻击力（攻击水晶）,1001,0,750000002,力灵术,3,6,72000,1
511110002_17,,生命加强,,0,,生命加强,0,6,0,1
750000002_7,,明王化身：增加自身690点攻击力，持续8秒。,1001,0,750000002,明王化身,3,6,8000,1
750000017_3,,灵守四方（魔）：增加自身40魔攻防御力。,1613,0,,灵守四方（魔）,3,6,30000,1
750000006_1,,灵守四方（远）：增加自身13远攻防御力。,1612,0,,灵守四方（远）,3,6,30000,1
540000001_8,,每5秒恢复生命值800,1023,0,,（改）治愈效果,0,6,15000,1
750000004_6,,霜冻之环：被冰冻定身，8秒内无法移动。,1002,0,750000004,霜冻之环,3,1,8000,2
750000016_6,,灵守四方（近）：增加自身220近攻防御力。,1611,0,,灵守四方（近）,3,6,30000,1
511110001_48,,攻击加强,,0,,攻击加强,0,6,0,1
770000002_5,,提升玩家的防御力（防御水晶）,1008,0,750000003,御灵术,3,6,60000,1
511110004_17,,远防加强,,0,,远防加强,0,6,0,1
200000600_1,,生命+3%，持续30分钟,1622,1,,凡品生命丹,0,6,1800000,1
770000001_23,,提升玩家的攻击力（攻击水晶）,1001,0,750000002,力灵术,3,6,120000,1
530000006_4,,攻击-18%，持续15秒,1006,0,188810005,天煞,0,6,15000,1
511110004_34,,远防加强,,0,,远防加强,0,6,0,1
770000003_26,,爆灵术,1021,0,0,爆灵术,3,6,0,2
770000001_28,,提升玩家的攻击力（攻击水晶）,1001,0,750000002,力灵术,3,6,0,1
511110001_41,,攻击加强,,0,,攻击加强,0,6,0,1
750000020_4,,每秒回复11746生命值,,0,,通灵回天术,3,6,1200000,1
511110005_14,,魔防加强,,0,,魔防加强,0,6,0,1
600000049_1,,中品还魂丹：每10秒回复一定量的生命，每次最高回复800点生命,1049,1,,中品还魂丹,0,6,-1,1
770000003_1,,爆灵术,1021,0,0,爆灵术,3,6,0,2
511110001_37,,攻击加强,,0,,攻击加强,0,6,0,1
511110003_38,,近防加强,,0,,近防加强,0,6,0,1
770000006_2,,为玩家增加韧性值,1618,0,510000033,韧元护体,3,6,1001,1
750000005_9,,血色狂热：增加自身607攻击力。,1001,0,,血色狂热,3,6,30000,1
750000007_5,,灵守四方（近）：增加自身95近攻防御力。,1611,0,,灵守四方（近）,3,6,30000,1
511110003_10,,近防加强,,0,,近防加强,0,6,0,1
511110002_29,,生命加强,,0,,生命加强,0,6,0,1
770000002_10,,提升玩家的防御力（防御水晶）,1008,0,750000003,御灵术,3,6,60000,1
511110003_37,,近防加强,,0,,近防加强,0,6,0,1
530000005_9,,伤害减免+380，持续10秒,1008,0,188810001,还神,2,6,10000,1
510000005_7,,自身回复38%生命,0,0,0,灵华,0,6,0,1
770000003_7,,爆灵术,1021,0,0,爆灵术,3,6,0,2
750000014_7,,血色狂热：增加自身1154攻击力。,1001,0,,血色狂热,3,6,30000,1
530000003_3,[0，0，0，0],减速50%，持续3秒,1019,0,188810003,破魔,3,5,3000,2
511110001_50,,攻击加强,,0,,攻击加强,0,6,0,1
770000004_9,,每秒为玩家回复一定生命值,1023,0,530000019,回天之术,3,6,1001,1
511110004_29,,远防加强,,0,,远防加强,0,6,0,1
511110004_18,,远防加强,,0,,远防加强,0,6,0,1
750000016_0,,灵守四方（近）：增加自身近攻防御力。,1611,0,,灵守四方（近）,3,6,30000,1
520000003_4,[0，0，0，0],移动速度降低30%，防御力-8%,1019,0,188810006,星陨,3,5,6000,2
770000002_1,,提升玩家的防御力（防御水晶）,1008,0,750000003,御灵术,3,6,30000,1
750000019_1,,增加自身生命值上限,1613,0,,通灵傲天BUFF,3,6,-1,1
511110004_30,,远防加强,,0,,远防加强,0,6,0,1
600000047_3,,直接回复6000点生命,0,0,0,回血,0,2,6,1
750000021_2,,每秒回复4630生命值,,0,,通灵回天术,3,6,1200000,1
770000001_17,,提升玩家的攻击力（攻击水晶）,1001,0,750000002,力灵术,3,6,120000,1
530000004_7,,昏迷2.7秒,1004,0,188810004,斩龙,1,3,2700,2
511110002_46,,生命加强,,0,,生命加强,0,6,0,1
500000002_1,,加入了紫色麒麟阵营(变身状态无法使用技能和坐骑）,1102,0,,紫色麒麟,0,2,300000,1
520000006_10,,暴击+280，命中+280,1016,1,188810002,乱舞,3,6,15000,1
750000001_9,,月华之生：每秒回复1014点生命，持续5秒，总共回复5070点生命值。,1023,0,222210001,月华之生,3,6,5010,1
750000006_5,,灵守四方（远）：增加自身95远攻防御力。,1612,0,,灵守四方（远）,3,6,30000,1
510000004_3,,沉默状态，无法使用技能,1003,0,188810008,天劫,1,2,3200,2
750000021_6,,每秒回复51979生命值,,0,,通灵回天术,3,6,1200000,1
510000003_3,,每秒减少60点生命,1005,0,590000441,雾霾,3,4,6000,2
511110004_27,,远防加强,,0,,远防加强,0,6,0,1
750000015_2,,灵守四方（远）：增加自身28远攻防御力。,1612,0,,灵守四方（远）,3,6,30000,1
750000005_6,,血色狂热：增加自身182攻击力。,1001,0,,血色狂热,3,6,30000,1
511110001_5,,攻击加强,,0,,攻击加强,0,6,0,1
770000002_26,,御灵术,1008,0,750000003,提升玩家的防御力（防御水晶）,3,6,0,1
510000004_7,,沉默状态，无法使用技能,1003,0,188810008,天劫,1,2,4800,2
511110003_32,,近防加强,,0,,近防加强,0,6,0,1
511110003_31,,近防加强,,0,,近防加强,0,6,0,1
750000018_3,,增加自身生命值上限,1613,0,,通灵傲天BUFF,3,6,-1,1
600000064_1,,中品龙首丹：每10秒回复一定量的法力，每次最高回复400点法力,1050,1,,中品龙首丹,0,6,-1,1
511110005_25,,魔防加强,,0,,魔防加强,0,6,0,1
511110004_9,,远防加强,,0,,远防加强,0,6,0,1
511110002_18,,生命加强,,0,,生命加强,0,6,0,1
100000011_1,,VIP体验：1.免费小飞鞋40次。2.开放随身仓库，可随时存取物品。3.开放随身商店，可随时买卖和修理。4.挂机中可自动修理装备。,5013,0,,体验VIP,0,6,3600000,1
770000003_20,,爆灵术,1021,0,0,爆灵术,3,6,0,2
511110002_39,,生命加强,,0,,生命加强,0,6,0,1
600000047_2,,直接回复3000点生命,0,0,0,回血,0,2,6,1
511110003_46,,近防加强,,0,,近防加强,0,6,0,1
750000020_5,,每秒回复16880生命值,,0,,通灵回天术,3,6,1200000,1
770000001_7,,提升玩家的攻击力（攻击水晶）,1001,0,750000002,力灵术,3,6,60000,1
530000006_5,,攻击-19%，持续15秒,1006,0,188810005,天煞,0,6,15000,1
511110001_25,,攻击加强,,0,,攻击加强,0,6,0,1
770000003_2,,爆灵术,1021,0,0,爆灵术,3,6,0,2
750000016_9,,灵守四方（近）：增加自身557近攻防御力。,1611,0,,灵守四方（近）,3,6,30000,1
520000003_8,[0，0，0，0],移动速度降低30%，防御力-16%,1019,0,188810006,星陨,3,5,6000,2
770000004_2,,每秒为玩家回复一定生命值,1023,0,530000019,回天之术,3,6,1001,1
770000003_15,,爆灵术,1021,0,0,爆灵术,3,6,0,2
750000008_2,,灵守四方（魔）：增加自身28魔攻防御力。,1613,0,,灵守四方（魔）,3,6,30000,1
750000002_8,,明王化身：增加自身795点攻击力，持续8秒。,1001,0,750000002,明王化身,3,6,8000,1
510000005_8,,自身回复41%生命,0,0,0,灵华,0,6,0,1
511110004_5,,远防加强,,0,,远防加强,0,6,0,1
511110001_7,,攻击加强,,0,,攻击加强,0,6,0,1
750000014_8,,血色狂热：增加自身1433攻击力。,1001,0,,血色狂热,3,6,30000,1
750000005_2,,血色狂热：增加自身48攻击力。,1001,0,,血色狂热,3,6,30000,1
770000003_8,,爆灵术,1021,0,0,爆灵术,3,6,0,2
511110003_17,,近防加强,,0,,近防加强,0,6,0,1
530000005_10,,伤害减免+400，持续10秒,1008,0,188810001,还神,2,6,10000,1
510000006_6,,清除负面状态，回复20%生命,0,0,0,祥瑞,0,6,0,1
511110003_39,,近防加强,,0,,近防加强,0,6,0,1
770000002_6,,提升玩家的防御力（防御水晶）,1008,0,750000003,御灵术,3,6,72000,1
511110002_31,,生命加强,,0,,生命加强,0,6,0,1
770000002_11,,提升玩家的防御力（防御水晶）,1008,0,750000003,御灵术,3,6,60000,1
911700005_1,,攻击力，防御力提高50%,1611,0,590000431,坚土之祝,3,6,25000,1
511110001_28,,攻击加强,,0,,攻击加强,0,6,0,1
600000026_4,1,将受到伤害的80%反弹回去，持续60秒,1021,0,188810018,血债血偿,3,6,60000,1
511110001_13,,攻击加强,,0,,攻击加强,0,6,0,1
770000001_18,,提升玩家的攻击力（攻击水晶）,1001,0,750000002,力灵术,3,6,144000,1
511110002_36,,生命加强,,0,,生命加强,0,6,0,1
511110004_37,,远防加强,,0,,远防加强,0,6,0,1
600000032_2,,直接回复400点法力,0,0,0,回魔,0,6,0,1
511110005_29,,魔防加强,,0,,魔防加强,0,6,0,1
800000013_1,,提升300点闪避，持续20秒,1800,1,750000002,闪避神咒,0,6,20000,1
750000019_8,,增加自身生命值上限,1613,0,,通灵傲天BUFF,3,6,-1,1
511110002_28,,生命加强,,0,,生命加强,0,6,0,1
770000002_27,,御灵术,1008,0,750000003,提升玩家的防御力（防御水晶）,3,6,0,1
801000200_2,,无法移动和攻击，持续1.5秒,1004,0,188810004,地怒,0,3,1500,2
511110005_5,,魔防加强,,0,,魔防加强,0,6,0,1
750000017_4,,灵守四方（魔）：增加自身67魔攻防御力。,1613,0,,灵守四方（魔）,3,6,30000,1
511110005_27,,魔防加强,,0,,魔防加强,0,6,0,1
511110001_42,,攻击加强,,0,,攻击加强,0,6,0,1
511110004_12,,远防加强,,0,,远防加强,0,6,0,1
511110002_1,,生命加强,,0,,生命加强,0,6,0,1
750000008_6,,灵守四方（魔）：增加自身122魔攻防御力。,1613,0,,灵守四方（魔）,3,6,30000,1
511110002_49,,生命加强,,0,,生命加强,0,6,0,1
780000016_1,,无法使用技能，持续8秒,1003,0,0,寂静无声,0,2,8000,2
911800002_2,,攻击力，防御力降低50%,,0,,寒风徐徐,2,6,2000,1
770000001_13,,提升玩家的攻击力（攻击水晶）,1001,0,750000002,力灵术,3,6,60000,1
511110003_18,,近防加强,,0,,近防加强,0,6,0,1
780000006_1,,无法移动，持续3.5秒,1002,0,0,定身,0,1,3500,2
511110005_4,,魔防加强,,0,,魔防加强,0,6,0,1
511110003_48,,近防加强,,0,,近防加强,0,6,0,1
750000008_10,,灵守四方（魔）：增加自身508魔攻防御力。,1613,0,,灵守四方（魔）,3,6,30000,1
510000006_5,,清除负面状态，回复18%生命,0,0,0,祥瑞,0,6,0,1
750000007_6,,灵守四方（近）：增加自身122近攻防御力。,1611,0,,灵守四方（近）,3,6,30000,1
511110002_7,,生命加强,,0,,生命加强,0,6,0,1
511110004_28,,远防加强,,0,,远防加强,0,6,0,1
511110005_15,,魔防加强,,0,,魔防加强,0,6,0,1
600000049_2,,上品还魂丹：每10秒回复一定量的生命，每次最高回复1200点生命,1049,1,,上品还魂丹,0,6,-1,1
511110003_19,,近防加强,,0,,近防加强,0,6,0,1
511110001_31,,攻击加强,,0,,攻击加强,0,6,0,1
511110004_36,,远防加强,,0,,远防加强,0,6,0,1
750000015_3,,灵守四方（远）：增加自身40远攻防御力。,1612,0,,灵守四方（远）,3,6,30000,1
750000001_10,,月华之生：每秒回复2314点生命，持续5秒，总共回复11570点生命值。,1023,0,222210001,月华之生,3,6,5010,1
511110004_20,,远防加强,,0,,远防加强,0,6,0,1
920400001_1,,你感觉全身被一股炙热的火焰包围,1610,0,222210001,（改）焰焚草的燃烧,3,6,600000,1
511110003_11,,近防加强,,0,,近防加强,0,6,0,1
511110004_50,,远防加强,,0,,远防加强,0,6,0,1
770000001_8,,提升玩家的攻击力（攻击水晶）,1001,0,750000002,力灵术,3,6,60000,1
511110005_28,,魔防加强,,0,,魔防加强,0,6,0,1
200000300_1,,魔防+2%，持续30分钟,3004,1,,魔防金丹,0,6,1800000,1
770000003_27,,爆灵术,1021,0,0,爆灵术,3,6,0,2
800000001_1,,变身为熊猫，提高生命值上限10%，持续2分钟,7611,1,0,熊猫变身,3,6,120000,1
813000002_5,,（改）灵魂爆发，攻击提升360，防御提升222，命中提升26，暴击提升26,1016,1,188810036,（改）灵魂爆发,3,6,15000,1
511110001_17,,攻击加强,,0,,攻击加强,0,6,0,1
911100001_1,2,伤害3021的生命值,1005,0,0,腐蚀之地效果,0,4,0,2
510000005_9,,自身回复44%生命,0,0,0,灵华,0,6,0,1
530000004_8,,昏迷2.9秒,1004,0,188810004,斩龙,1,3,2900,2
511110005_26,,魔防加强,,0,,魔防加强,0,6,0,1
511110003_40,,近防加强,,0,,近防加强,0,6,0,1
520000004_4,,定身状态，无法移动,1002,0,590000434,缠魂,3,1,3200,2
600000026_1,1,将受到伤害的50%反弹回去，持续10秒,1021,0,750000003,反伤状态,3,6,10000,1
510000004_8,,沉默状态，无法使用技能,1003,0,188810008,天劫,1,2,5200,2
520000004_8,,定身状态，无法移动,1002,0,590000434,缠魂,3,1,4400,2
511110003_7,,近防加强,,0,,近防加强,0,6,0,1
750000006_6,,灵守四方（远）：增加自身122远攻防御力。,1612,0,,灵守四方（远）,3,6,30000,1
770000002_17,,提升玩家的防御力（防御水晶）,1008,0,750000003,御灵术,3,6,120000,1
511110004_2,,远防加强,,0,,远防加强,0,6,0,1
750000013_1,,扣除很多血量，杀死自己,,0,,天地同归,0,5,21010,2
780000004_1,2,每秒伤害150的生命值，持续30秒,1005,0,530000007,毒血咒,3,4,30000,2
511110002_33,,生命加强,,0,,生命加强,0,6,0,1
750000006_10,,灵守四方（远）：增加自身508远攻防御力。,1612,0,,灵守四方（远）,3,6,30000,1
780000021_1,,每秒回复20%的生命值，持续秒,1023,0,,回光返照,0,6,0,1
750000003_3,,琉璃金盾：增加自身98点防御力，持续8秒。,1008,0,750000003,琉璃金盾,3,6,8000,1
520000006_6,,暴击+200，命中+200,1016,1,188810002,乱舞,3,6,15000,1
930000002_1,,自身攻击降低50%,1615,0,188810033,（改）灵能威慑,3,15,4000,1
530000003_6,[0，0，0，0],减速50%，持续4.5秒,1019,0,188810003,破魔,3,5,4500,2
750000004_10,,霜冻之环：被冰冻定身，8秒内无法移动。,1002,0,750000004,霜冻之环,3,1,8000,2
780000003_1,,攻击力提高295点，持续8秒,1001,0,,近攻提升,0,6,8000,1
750000019_5,,增加自身生命值上限,1613,0,,通灵傲天BUFF,3,6,-1,1
770000001_20,,提升玩家的攻击力（攻击水晶）,1001,0,750000002,力灵术,3,6,120000,1
510000006_8,,清除负面状态，回复24%生命,0,0,0,祥瑞,0,6,0,1
530000006_6,,攻击-20%，持续15秒,1006,0,188810005,天煞,0,6,15000,1
510000003_7,,每秒减少140点生命,1005,0,590000441,雾霾,3,4,6000,2
511110005_2,,魔防加强,,0,,魔防加强,0,6,0,1
200000600_2,,生命+5%，持续30分钟,1622,1,,中品生命丹,0,6,1800000,1
750000003_8,,琉璃金盾：增加自身548点防御力，持续8秒。,1008,0,750000003,琉璃金盾,3,6,8000,1
780000001_4,,造成爆炸伤害23862点,1005,0,0,自爆,0,6,0,2
750000019_2,,增加自身生命值上限,1613,0,,通灵傲天BUFF,3,6,-1,1
770000002_12,,提升玩家的防御力（防御水晶）,1008,0,750000003,御灵术,3,6,72000,1
511110003_33,,近防加强,,0,,近防加强,0,6,0,1
511110004_23,,远防加强,,0,,远防加强,0,6,0,1
770000006_3,,为玩家增加韧性值,1618,0,510000033,韧元护体,3,6,1001,1
600000049_3,,王品还魂丹：每10秒回复一定量的生命，每次最高回复1600点生命,1049,1,,王品还魂丹,0,6,-1,1
750000002_9,,明王化身：增加自身1518点攻击力，持续8秒。,1001,0,750000002,明王化身,3,6,8000,1
801000500_4,,生命值+500，攻击+50，防御+40,9202,0,0,亲密无间,0,6,-1,1
520000006_2,,暴击+120，命中+120,1016,1,188810002,乱舞,3,6,15000,1
511110005_6,,魔防加强,,0,,魔防加强,0,6,0,1
511110005_3,,魔防加强,,0,,魔防加强,0,6,0,1
511110004_31,,远防加强,,0,,远防加强,0,6,0,1
750000001_2,,月华之生：每秒回复106点生命，持续5秒，总共回复530点生命值。,1023,0,222210001,月华之生,3,6,5010,1
511110004_49,,远防加强,,0,,远防加强,0,6,0,1
600000032_3,,直接回复600点法力,0,0,0,回魔,0,6,0,1
770000002_28,,提升玩家的防御力（防御水晶）,1008,0,750000003,御灵术,3,6,0,1
511110005_24,,魔防加强,,0,,魔防加强,0,6,0,1
511110004_7,,远防加强,,0,,远防加强,0,6,0,1
510000003_4,,每秒减少80点生命,1005,0,590000441,雾霾,3,4,6000,2
511110005_13,,魔防加强,,0,,魔防加强,0,6,0,1
750000018_4,,增加自身生命值上限,1613,0,,通灵傲天BUFF,3,6,-1,1
750000008_3,,灵守四方（魔）：增加自身39魔攻防御力。,1613,0,,灵守四方（魔）,3,6,30000,1
800000005_1,,提升自身攻击、防御1%，持续2分钟。,1610,1,0,下品仙丹,0,6,120000,1
750000016_3,,灵守四方（近）：增加自身40近攻防御力。,1611,0,,灵守四方（近）,3,6,30000,1
750000015_4,,灵守四方（远）：增加自身67远攻防御力。,1612,0,,灵守四方（远）,3,6,30000,1
511110002_2,,生命加强,,0,,生命加强,0,6,0,1
511110004_38,,远防加强,,0,,远防加强,0,6,0,1
511110005_17,,魔防加强,,0,,魔防加强,0,6,0,1
530000005_2,,伤害减免+240，持续10秒,1008,0,188810001,还神,2,6,10000,1
770000001_14,,提升玩家的攻击力（攻击水晶）,1001,0,750000002,力灵术,3,6,60000,1
801000500_3,,生命值+300，攻击+40，防御+30,9202,0,0,志同道合,0,6,-1,1
520000004_2,,定身状态，无法移动,1002,0,590000434,缠魂,3,1,2600,2
750000014_0,,血色狂热：增加自身攻击力。,1001,0,,血色狂热,3,6,30000,1
911700003_2,,攻击力，防御力提高50%,,0,,天水之祝,3,6,2000,1
511110002_41,,生命加强,,0,,生命加强,0,6,0,1
520000006_4,,暴击+160，命中+160,1016,1,188810002,乱舞,3,6,15000,1
511110005_11,,魔防加强,,0,,魔防加强,0,6,0,1
511110001_19,,攻击加强,,0,,攻击加强,0,6,0,1
510000005_10,,自身回复47%生命,0,0,0,灵华,0,6,0,1
801000500_6,,生命值+1200，攻击+80，防御+30,9202,0,0,生死之交,0,6,-1,1
511110001_21,,攻击加强,,0,,攻击加强,0,6,0,1
511110003_41,,近防加强,,0,,近防加强,0,6,0,1
511110005_23,,魔防加强,,0,,魔防加强,0,6,0,1
200000400_3,,攻击+7%，持续30分钟,1610,1,,上品攻击丹,0,6,1800000,1
511110003_50,,近防加强,,0,,近防加强,0,6,0,1
511110005_16,,魔防加强,,0,,魔防加强,0,6,0,1
511110001_43,,攻击加强,,0,,攻击加强,0,6,0,1
750000017_8,,灵守四方（魔）：增加自身547魔攻防御力。,1613,0,,灵守四方（魔）,3,6,30000,1
780000019_1,,无法移动和攻击，持续4秒,1004,0,560000003,乾坤一击,0,3,4000,2
511110003_2,,近防加强,,0,,近防加强,0,6,0,1
530000003_4,[0，0，0，0],减速50%，持续3.5秒,1019,0,188810003,破魔,3,5,3500,2
511110005_47,,魔防加强,,0,,魔防加强,0,6,0,1
511110002_43,,生命加强,,0,,生命加强,0,6,0,1
770000001_9,,提升玩家的攻击力（攻击水晶）,1001,0,750000002,力灵术,3,6,72000,1
780000012_1,,每秒伤害-189的生命值，持续10秒,1005,0,0,中毒,0,4,10000,2
511110002_8,,生命加强,,0,,生命加强,0,6,0,1
770000001_24,,提升玩家的攻击力（攻击水晶）,1001,0,750000002,力灵术,3,6,144000,1
780000001_2,,造成爆炸伤害4263点,1005,0,0,自爆,0,6,0,2
510000004_9,,沉默状态，无法使用技能,1003,0,188810008,天劫,1,2,5600,2
511110001_32,,攻击加强,,0,,攻击加强,0,6,0,1
910700002_1,2,伤害3021的生命值,1005,0,0,酸性毒液,0,4,1001,2
740000002_1,,复活保护：在战场复活点复活后5秒内处于无敌状态。,1800,0,750000003,复活保护（战场）,3,7,5000,1
750000008_7,,灵守四方（魔）：增加自身188魔攻防御力。,1613,0,,灵守四方（魔）,3,6,30000,1
511110005_33,,魔防加强,,0,,魔防加强,0,6,0,1
511110004_42,,远防加强,,0,,远防加强,0,6,0,1
750000002_1,,明王化身：增加自身62点攻击力，持续8秒。,1001,0,750000002,明王化身,3,6,8000,1
511110003_20,,近防加强,,0,,近防加强,0,6,0,1
750000007_7,,灵守四方（近）：增加自身188近攻防御力。,1611,0,,灵守四方（近）,3,6,30000,1
911300002_1,,攻击力，防御力降低30%,1019,0,,（改）元素减弱BUFF,0,6,10000,1
100000019_2,,骑乘状态下移动速度+30%,5020,0,,坐骑加速,0,6,-1,1
770000002_18,,提升玩家的防御力（防御水晶）,1008,0,750000003,御灵术,3,6,144000,1
911500001_1,,速度降低40%,1019,0,,减速BUFF,0,6,10000,1
750000017_5,,灵守四方（魔）：增加自身108魔攻防御力。,1613,0,,灵守四方（魔）,3,6,30000,1
511110005_18,,魔防加强,,0,,魔防加强,0,6,0,1
770000003_10,,爆灵术,1021,0,0,爆灵术,3,6,0,2
600000032_4,,直接回复800点法力,0,0,0,回魔,0,6,0,1
800000003_1,,变身为比蒙王，提高防御力10%，持续2分钟,7609,1,0,比蒙王变身,3,6,120000,1
530000006_7,,攻击-21%，持续15秒,1006,0,188810005,天煞,0,6,15000,1
511110005_48,,魔防加强,,0,,魔防加强,0,6,0,1
511110005_20,,魔防加强,,0,,魔防加强,0,6,0,1
530000003_9,[0，0，0，0],减速50%，持续6秒,1019,0,188810003,破魔,3,5,6000,2
770000003_21,,爆灵术,1021,0,0,爆灵术,3,6,0,2
511110005_35,,魔防加强,,0,,魔防加强,0,6,0,1
511110005_30,,魔防加强,,0,,魔防加强,0,6,0,1
780000005_1,,无法移动和攻击，持续3秒,1004,0,560000003,昏迷,1,3,3000,2
511110001_29,,攻击加强,,0,,攻击加强,0,6,0,1
770000003_16,,爆灵术,1021,0,0,爆灵术,3,6,0,2
511110005_22,,魔防加强,,0,,魔防加强,0,6,0,1
750000013_2,,扣除很多血量，杀死自己,,0,,天地同归,0,5,21010,2
750000003_4,,琉璃金盾：增加自身186点防御力，持续8秒。,1008,0,750000003,琉璃金盾,3,6,8000,1
540000001_5,,每5秒恢复生命值410,1023,0,,（改）治愈效果,0,6,15000,1
511110005_43,,魔防加强,,0,,魔防加强,0,6,0,1
770000002_13,,御灵术,1008,0,750000003,提升玩家的防御力（防御水晶）,3,6,60000,1
911700002_2,,攻击力，防御力提高50%,,0,,神木之祝,3,6,2000,1
511110005_45,,魔防加强,,0,,魔防加强,0,6,0,1
750000006_7,,灵守四方（远）：增加自身188远攻防御力。,1612,0,,灵守四方（远）,3,6,30000,1
780000010_1,,每秒回复5%的生命值，持续4秒,1023,0,,回天,0,6,4000,1
750000003_9,,琉璃金盾：增加自身1062点防御力，持续8秒。,1008,0,750000003,琉璃金盾,3,6,8000,1
511110005_7,,魔防加强,,0,,魔防加强,0,6,0,1
511110003_25,,近防加强,,0,,近防加强,0,6,0,1
600000048_1,,打怪获得经验的效率提高50%,1048,0,,1.5倍经验1小时,0,9,3600000,1
511110005_50,,魔防加强,,0,,魔防加强,0,6,0,1
530000004_9,,昏迷3.1秒,1004,0,188810004,斩龙,1,3,3100,2
770000002_29,,提升玩家的防御力（防御水晶）,1008,0,750000003,御灵术,3,6,0,1
912200001_1,,攻击力，防御力提高80%,1006,0,,（改）炼狱巨兽的狂暴,0,6,10000000,1
770000004_3,,每秒为玩家回复一定生命值,1023,0,530000019,回天之术,3,6,1001,1
530000005_3,,伤害减免+260，持续10秒,1008,0,188810001,还神,2,6,10000,1
511110003_12,,近防加强,,0,,近防加强,0,6,0,1
750000015_5,,灵守四方（远）：增加自身108远攻防御力。,1612,0,,灵守四方（远）,3,6,30000,1
511110004_14,,远防加强,,0,,远防加强,0,6,0,1
911700002_1,,攻击力，防御力提高50%,1611,0,590000428,藤木之祝,3,6,25000,1
540000001_9,,每5秒恢复生命值1000,1023,0,,（改）治愈效果,0,6,15000,1
511110004_21,,远防加强,,0,,远防加强,0,6,0,1
750000007_0,,灵守四方（近）：增加自身近攻防御力。,1611,0,,灵守四方（近）,3,6,30000,1
800000017_3,,连斩数量达到30，攻击力提高8%，生命值提高5%。,2001,0,750000002,30连斩,3,6,600000,1
511110002_3,,生命加强,,0,,生命加强,0,6,0,1
750000002_10,,明王化身：增加自身1801点攻击力，持续8秒。,1001,0,750000002,明王化身,3,6,8000,1
911700001_2,,攻击力，防御力提高50%,,0,,金刚之祝,3,6,2000,1
511110005_31,,魔防加强,,0,,魔防加强,0,6,0,1
770000001_15,,提升玩家的攻击力（攻击水晶）,1001,0,750000002,力灵术,3,6,72000,1
800000007_1,,自身处于无敌状态，持续15秒。,1800,1,750000003,无敌神咒,3,7,15000,1
510000006_1,,清除负面状态，回复10%生命,0,0,0,祥瑞,0,6,0,1
600000026_2,1,将受到伤害的80%反弹回去，持续8秒,1021,0,750000003,以牙还牙,3,6,8000,1
813000002_4,,（改）灵魂爆发，攻击提升288，防御提升178，命中提升21，暴击提升21,1016,1,188810036,（改）灵魂爆发,3,6,15000,1
511110001_10,,攻击加强,,0,,攻击加强,0,6,0,1
511110004_43,,远防加强,,0,,远防加强,0,6,0,1
750000001_3,,月华之生：每秒回复136点生命，持续5秒，总共回复680点生命值。,1023,0,222210001,月华之生,3,6,5010,1
511110005_21,,魔防加强,,0,,魔防加强,0,6,0,1
511110002_9,,生命加强,,0,,生命加强,0,6,0,1
511110001_8,,攻击加强,,0,,攻击加强,0,6,0,1
511110002_25,,生命加强,,0,,生命加强,0,6,0,1
510000003_8,,每秒减少160点生命,1005,0,590000441,雾霾,3,4,6000,2
801000500_5,,生命值+800，攻击+60，防御+50,9202,0,0,心有灵犀,0,6,-1,1
511110004_10,,远防加强,,0,,远防加强,0,6,0,1
511110004_6,,远防加强,,0,,远防加强,0,6,0,1
780000017_1,,攻击力提高332点，持续10秒,1001,0,,嗜血咆哮,0,6,10000,1
511110002_40,,生命加强,,0,,生命加强,0,6,0,1
750000019_6,,增加自身生命值上限,1613,0,,通灵傲天BUFF,3,6,-1,1
750000014_1,,血色狂热：增加自身33攻击力。,1001,0,,血色狂热,3,6,30000,1
770000001_10,,提升玩家的攻击力（攻击水晶）,1001,0,750000002,力灵术,3,6,60000,1
511110005_36,,魔防加强,,0,,魔防加强,0,6,0,1
750000019_3,,增加自身生命值上限,1613,0,,通灵傲天BUFF,3,6,-1,1
911700004_1,,攻击力，防御力提高50%,1611,0,590000430,炎火之祝,3,6,25000,1
200000400_1,,攻击+3%，持续30分钟,1610,1,,凡品攻击丹,0,6,1800000,1
511110001_14,,攻击加强,,0,,攻击加强,0,6,0,1
100000000_1,,修灵状态下每10秒可获得少量的经验和灵力,1000,0,,打坐buff,2,6,-1,1
600000030_1,,直接回复400点生命,0,0,0,回血,0,6,0,1
540000001_4,,每5秒恢复生命值328,1023,0,,（改）治愈效果,0,6,15000,1
511110002_50,,生命加强,,0,,生命加强,0,6,0,1
770000005_1,,为玩家增加命中值,1607,0,510000033,准元护体,3,6,1001,1
800000017_2,,连斩数量达到20，攻击力提高5%。,2001,0,750000002,20连斩,3,6,600000,1
511110004_13,,远防加强,,0,,远防加强,0,6,0,1
511110002_4,,生命加强,,0,,生命加强,0,6,0,1
511110001_44,,攻击加强,,0,,攻击加强,0,6,0,1
530000006_8,,攻击-22%，持续15秒,1006,0,188810005,天煞,0,6,15000,1
813000002_8,,（改）灵魂爆发，攻击提升704，防御提升435，命中提升51，暴击提升51,1016,1,188810036,（改）灵魂爆发,3,6,15000,1
750000008_4,,灵守四方（魔）：增加自身74魔攻防御力。,1613,0,,灵守四方（魔）,3,6,30000,1
200000600_3,,生命+7%，持续30分钟,1622,1,,上品生命丹,0,6,1800000,1
511110005_42,,魔防加强,,0,,魔防加强,0,6,0,1
511110003_42,,近防加强,,0,,近防加强,0,6,0,1
750000018_5,,增加自身生命值上限,1613,0,,通灵傲天BUFF,3,6,-1,1
770000002_19,,提升玩家的防御力（防御水晶）,1008,0,750000003,御灵术,3,6,120000,1
510000003_5,,每秒减少100点生命,1005,0,590000441,雾霾,3,4,6000,2
800000017_4,,连斩数量达到50，攻击力提高10%，生命值提高10%。,2001,0,750000002,50连斩,3,6,600000,1
510000004_10,,沉默状态，无法使用技能,1003,0,188810008,天劫,1,2,6000,2
511110002_37,,生命加强,,0,,生命加强,0,6,0,1
780000018_1,,每秒回复10%的生命值，持续1秒,1023,0,,春回大地,0,6,1000,1
911600001_1,,防御力提高3000,1017,0,,烈焰护体,0,6,60000,1
511110002_32,,生命加强,,0,,生命加强,0,6,0,1
780000022_1,2,每秒伤害-321的生命值，持续10秒,1005,0,0,毒血沸腾,0,4,10000,2
750000012_1,,每秒回复200生命力,,0,,通灵回天术BUFF,0,6,3600000,1
800000010_1,,提升自身攻击、防御3%，持续3分钟。,1610,1,0,中品仙丹,0,6,180000,1
750000003_10,,琉璃金盾：增加自身1270点防御力，持续8秒。,1008,0,750000003,琉璃金盾,3,6,8000,1
911700004_2,,攻击力，防御力提高50%,,0,,真火之祝,3,6,2000,1
510000006_10,,清除负面状态，回复28%生命,0,0,0,祥瑞,0,6,0,1
770000002_14,,御灵术,1008,0,750000003,提升玩家的防御力（防御水晶）,3,6,60000,1
750000002_2,,明王化身：增加自身120点攻击力，持续8秒。,1001,0,750000002,明王化身,3,6,8000,1
740000001_1,,临阵脱逃：5分钟内无法重返战场,4001,0,,临阵脱逃,0,11,300000,2
511110003_26,,近防加强,,0,,近防加强,0,6,0,1
800000016_1,,凡品加成区域：每10秒可获得10倍灵力和经验加成。,1013,0,510000033,凡品加成区域,3,6,-1,1
911300001_1,,攻击力，防御力提高50%,1018,0,188810018,（改）元素增强BUFF,3,6,10000,1
511110003_3,,近防加强,,0,,近防加强,0,6,0,1
770000002_30,,提升玩家的防御力（防御水晶）,1008,0,750000003,御灵术,3,6,0,1
511110003_49,,近防加强,,0,,近防加强,0,6,0,1
520000003_3,[0，0，0，0],移动速度降低30%，防御力-6%,1019,0,188810006,星陨,3,5,6000,2
511110004_24,,远防加强,,0,,远防加强,0,6,0,1
750000005_3,,血色狂热：增加自身65攻击力。,1001,0,,血色狂热,3,6,30000,1
750000008_8,,灵守四方（魔）：增加自身219魔攻防御力。,1613,0,,灵守四方（魔）,3,6,30000,1
511110004_16,,远防加强,,0,,远防加强,0,6,0,1
750000015_6,,灵守四方（远）：增加自身220远攻防御力。,1612,0,,灵守四方（远）,3,6,30000,1
750000003_5,,琉璃金盾：增加自身238点防御力，持续8秒。,1008,0,750000003,琉璃金盾,3,6,8000,1
750000017_9,,灵守四方（魔）：增加自身557魔攻防御力。,1613,0,,灵守四方（魔）,3,6,30000,1
610000048_1,,打怪获得经验和温泉获得经验灵力的效率提高50%,1048,0,,多倍经验1小时,0,9,3600000,1
200000500_1,,防御+3%，持续30分钟,3103,1,,凡品防御丹,0,6,1800000,1
530000005_4,,伤害减免+280，持续10秒,1008,0,188810001,还神,2,6,10000,1
910800002_1,,增强攻击、防御属性50%,1023,0,188810018,净化,3,6,1001,1
750000007_8,,灵守四方（近）：增加自身219近攻防御力。,1611,0,,灵守四方（近）,3,6,30000,1
511110003_24,,近防加强,,0,,近防加强,0,6,0,1
911700003_1,,攻击力，防御力提高50%,1611,0,590000429,流水之祝,3,6,25000,1
520000006_7,,暴击+220，命中+220,1016,1,188810002,乱舞,3,6,15000,1
511110001_22,,攻击加强,,0,,攻击加强,0,6,0,1
801000200_7,,无法移动和攻击，持续4秒,1004,0,188810004,地怒,0,3,4000,2
780000006_2,,无法移动，持续10秒,1002,0,188810007,定身,0,1,10000,2
770000004_4,,每秒为玩家回复一定生命值,1023,0,530000019,回天之术,3,6,1001,1
511110004_32,,远防加强,,0,,远防加强,0,6,0,1
750000017_6,,灵守四方（魔）：增加自身220魔攻防御力。,1613,0,,灵守四方（魔）,3,6,30000,1
511110005_8,,魔防加强,,0,,魔防加强,0,6,0,1
520000004_5,,定身状态，无法移动,1002,0,590000434,缠魂,3,1,3500,2
540000001_7,,每5秒恢复生命值640,1023,0,,（改）治愈效果,0,6,15000,1
511110005_34,,魔防加强,,0,,魔防加强,0,6,0,1
511110001_18,,攻击加强,,0,,攻击加强,0,6,0,1
912100003_2,2,每秒伤害3%的生命值，持续20秒,1005,0,188810033,腐蚀剧毒,3,6,20000,2
510000006_2,,清除负面状态，回复12%生命,0,0,0,祥瑞,0,6,0,1
520000004_3,,定身状态，无法移动,1002,0,590000434,缠魂,3,1,2900,2
750000006_8,,灵守四方（远）：增加自身219远攻防御力。,1612,0,,灵守四方（远）,3,6,30000,1
750000001_4,,月华之生：每秒回复225点生命，持续5秒，总共回复1125点生命值。,1023,0,222210001,月华之生,3,6,5010,1
540000001_6,,每5秒恢复生命值512,1023,0,,（改）治愈效果,0,6,15000,1
530000003_7,[0，0，0，0],减速50%，持续5秒,1019,0,188810003,破魔,3,5,5000,2
530000003_10,[0，0，0，0],减速50%，持续6.5秒,1019,0,188810003,破魔,3,5,6500,2
750000003_1,,琉璃金盾：增加自身33点防御力，持续8秒。,1008,0,750000003,琉璃金盾,3,6,8000,1
511110004_40,,远防加强,,0,,远防加强,0,6,0,1
910200002_1,,攻击力下降80%,1001,0,,失去白虎守护,0,6,10000000,1
750000016_1,,灵守四方（近）：增加自身15近攻防御力。,1611,0,,灵守四方（近）,3,6,30000,1
750000014_2,,血色狂热：增加自身48攻击力。,1001,0,,血色狂热,3,6,30000,1
910200003_1,,暴击下降80%,1006,0,,失去朱雀守护,0,6,10000000,1
530000004_10,,昏迷3.3秒,1004,0,188810004,斩龙,1,3,3300,2
511110001_30,,攻击加强,,0,,攻击加强,0,6,0,1
600000030_2,,直接回复800点生命,0,0,0,回血,0,6,0,1
530000003_5,[0，0，0，0],减速50%，持续4秒,1019,0,188810003,破魔,3,5,4000,2
511110004_44,,远防加强,,0,,远防加强,0,6,0,1
770000001_21,,提升玩家的攻击力（攻击水晶）,1001,0,750000002,力灵术,3,6,144000,1
813000002_9,,（改）灵魂爆发，攻击提升880，防御提升544，命中提升64，暴击提升64,1016,1,188810036,（改）灵魂爆发,3,6,15000,1
520000004_9,,定身状态，无法移动,1002,0,590000434,缠魂,3,1,4700,2
770000002_20,,提升玩家的防御力（防御水晶）,1008,0,750000003,御灵术,3,6,120000,1
770000003_22,,爆灵术,1021,0,0,爆灵术,3,6,0,2
520000006_3,,暴击+140，命中+140,1016,1,188810002,乱舞,3,6,15000,1
511110002_42,,生命加强,,0,,生命加强,0,6,0,1
511110001_20,,攻击加强,,0,,攻击加强,0,6,0,1
530000006_9,,攻击-23%，持续15秒,1006,0,188810005,天煞,0,6,15000,1
770000001_11,,提升玩家的攻击力（攻击水晶）,1001,0,750000002,力灵术,3,6,60000,1
750000007_1,,灵守四方（近）：增加自身13近攻防御力。,1611,0,,灵守四方（近）,3,6,30000,1
520000006_5,,暴击+180，命中+180,1016,1,188810002,乱舞,3,6,15000,1
511110002_10,,生命加强,,0,,生命加强,0,6,0,1
510000003_9,,每秒减少180点生命,1005,0,590000441,雾霾,3,4,6000,2
800000017_1,,连斩数量达到10，攻击力提高3%。,2001,0,750000002,10连斩,3,6,600000,1
770000001_25,,提升玩家的攻击力（攻击水晶）,1001,0,750000002,力灵术,3,6,0,1
510000006_3,,清除负面状态，回复14%生命,0,0,0,祥瑞,0,6,0,1
511110001_33,,攻击加强,,0,,攻击加强,0,6,0,1
750000004_1,,霜冻之环：被冰冻定身，8秒内无法移动。,1002,0,750000004,霜冻之环,3,1,6000,2
801000200_8,,无法移动和攻击，持续4.5秒,1004,0,188810004,地怒,0,3,4500,2
511110003_13,,近防加强,,0,,近防加强,0,6,0,1
770000002_15,,提升玩家的防御力（防御水晶）,1008,0,750000003,御灵术,3,6,72000,1
800000004_1,,变身为月神，提高攻击、防御力10%，持续2分钟,7601,1,0,月神变身,3,6,120000,1
511110002_11,,生命加强,,0,,生命加强,0,6,0,1
750000011_1,,每秒回复100生命力,,0,,通灵回天术BUFF,0,6,3600000,1
750000019_7,,增加自身生命值上限,1613,0,,通灵傲天BUFF,3,6,-1,1
770000001_1,,提升玩家的攻击力（攻击水晶）,1001,0,750000002,力灵术,3,6,30000,1
511110002_5,,生命加强,,0,,生命加强,0,6,0,1
801000200_5,,无法移动和攻击，持续3秒,1004,0,188810004,地怒,0,3,3000,2
511110005_9,,魔防加强,,0,,魔防加强,0,6,0,1
511110004_22,,远防加强,,0,,远防加强,0,6,0,1
750000008_5,,灵守四方（魔）：增加自身95魔攻防御力。,1613,0,,灵守四方（魔）,3,6,30000,1
770000003_17,,爆灵术,1021,0,0,爆灵术,3,6,0,2
511110003_21,,近防加强,,0,,近防加强,0,6,0,1
750000002_3,,明王化身：增加自身162点攻击力，持续8秒。,1001,0,750000002,明王化身,3,6,8000,1
912300001_1,,吸食魂魄：回复生命10%，并增强80%攻击力,1006,0,,（改）血妖吸食魂魄,0,6,10000,1
511110005_39,,魔防加强,,0,,魔防加强,0,6,0,1
750000003_6,,琉璃金盾：增加自身305点防御力，持续8秒。,1008,0,750000003,琉璃金盾,3,6,8000,1
750000015_7,,灵守四方（远）：增加自身428远攻防御力。,1612,0,,灵守四方（远）,3,6,30000,1
750000008_9,,灵守四方（魔）：增加自身425魔攻防御力。,1613,0,,灵守四方（魔）,3,6,30000,1
511110002_34,,生命加强,,0,,生命加强,0,6,0,1
511110002_44,,生命加强,,0,,生命加强,0,6,0,1
750000016_4,,灵守四方（近）：增加自身67近攻防御力。,1611,0,,灵守四方（近）,3,6,30000,1
800000012_1,,提升500点暴击，持续20秒,1800,1,750000002,暴击神咒,0,6,20000,1
800000009_1,,提升自身攻击、防御1%，持续3分钟。,1610,1,0,下品仙丹,0,6,180000,1
750000019_4,,增加自身生命值上限,1613,0,,通灵傲天BUFF,3,6,-1,1
511110001_45,,攻击加强,,0,,攻击加强,0,6,0,1
200000400_2,,攻击+5%，持续30分钟,1610,1,,中品攻击丹,0,6,1800000,1
511110003_22,,近防加强,,0,,近防加强,0,6,0,1
600000032_1,,直接回复200点法力,0,0,0,回魔,0,6,0,1
600000030_3,,直接回复1200点生命,0,0,0,回血,0,6,0,1
611111121_1,,减速45%,0,0,0,镖车受损,0,6,-1,2
770000001_16,,提升玩家的攻击力（攻击水晶）,1001,0,750000002,力灵术,3,6,120000,1
530000005_5,,伤害减免+300，持续10秒,1008,0,188810001,还神,2,6,10000,1
511110003_27,,近防加强,,0,,近防加强,0,6,0,1
520000003_5,[0，0，0，0],移动速度降低30%，防御力-10%,1019,0,188810006,星陨,3,5,6000,2
600000047_1,,直接回复1500点生命,0,0,0,回血,0,2,6,1
801000200_4,,无法移动和攻击，持续2.5秒,1004,0,188810004,地怒,0,3,2500,2
750000005_0,,血色狂热：增加自身攻击力。,1001,0,,血色狂热,3,6,30000,1
770000004_5,,每秒为玩家回复一定生命值,1023,0,530000019,回天之术,3,6,1001,1
930000001_1,,定身状态，无法移动,1619,0,188810006,（改）灵能定身,3,18,3000,1
510000005_1,,自身回复20%生命,0,0,0,灵华,0,6,0,1
750000018_6,,增加自身生命值上限,1613,0,,通灵傲天BUFF,3,6,-1,1
511110003_43,,近防加强,,0,,近防加强,0,6,0,1
750000007_9,,灵守四方（近）：增加自身425近攻防御力。,1611,0,,灵守四方（近）,3,6,30000,1
770000001_12,,提升玩家的攻击力（攻击水晶）,1001,0,750000002,力灵术,3,6,72000,1
510000003_6,,每秒减少120点生命,1005,0,590000441,雾霾,3,4,6000,2
511110003_1,,近防加强,,0,,近防加强,0,6,0,1
511110005_32,,魔防加强,,0,,魔防加强,0,6,0,1
511110004_45,,远防加强,,0,,远防加强,0,6,0,1
750000006_9,,灵守四方（远）：增加自身425远攻防御力。,1612,0,,灵守四方（远）,3,6,30000,1
511110002_6,,生命加强,,0,,生命加强,0,6,0,1
530000006_10,,攻击-25%，持续15秒,1006,0,188810005,天煞,0,6,15000,1
511110003_44,,近防加强,,0,,近防加强,0,6,0,1
750000001_5,,月华之生：每秒回复293点生命，持续5秒，总共回复1465点生命值。,1023,0,222210001,月华之生,3,6,5010,1
750000017_10,,灵守四方（魔）：增加自身619魔攻防御力。,1613,0,,灵守四方（魔）,3,6,30000,1
511110003_45,,近防加强,,0,,近防加强,0,6,0,1
770000002_21,,提升玩家的防御力（防御水晶）,1008,0,750000003,御灵术,3,6,144000,1
790000002_1,1,降低自身昏迷、沉默抗性-500，持续4秒,1621,0,0,土崩瓦解,0,6,4000,2
750000003_2,,琉璃金盾：增加自身69点防御力，持续8秒。,1008,0,750000003,琉璃金盾,3,6,8000,1
511110004_8,,远防加强,,0,,远防加强,0,6,0,1
511110001_34,,攻击加强,,0,,攻击加强,0,6,0,1
770000003_23,,爆灵术,1021,0,0,爆灵术,3,6,0,2
750000014_3,,血色狂热：增加自身82攻击力。,1001,0,,血色狂热,3,6,30000,1
511110001_9,,攻击加强,,0,,攻击加强,0,6,0,1
920300001_1,,攻击力，防御力提高30%,1610,0,222210001,（改）魔羯蛛王,3,6,600000,1
510000006_4,,清除负面状态，回复16%生命,0,0,0,祥瑞,0,6,0,1
750000017_7,,灵守四方（魔）：增加自身428魔攻防御力。,1613,0,,灵守四方（魔）,3,6,30000,1
511110004_33,,远防加强,,0,,远防加强,0,6,0,1
770000002_16,,提升玩家的防御力（防御水晶）,1008,0,750000003,御灵术,3,6,120000,1
511110003_14,,近防加强,,0,,近防加强,0,6,0,1
530000003_1,[0，0，0，0],减速50%，持续2秒,1019,0,188810003,破魔,3,5,2000,2
100000019_3,,骑乘状态下移动速度+40%,5020,0,,坐骑加速,0,6,-1,1
770000001_2,,提升玩家的攻击力（攻击水晶）,1001,0,750000002,力灵术,3,6,30000,1
750000015_8,,灵守四方（远）：增加自身547远攻防御力。,1612,0,,灵守四方（远）,3,6,30000,1
510000005_2,,自身回复23%生命,0,0,0,灵华,0,6,0,1
530000005_1,,伤害减免+220，持续10秒,1008,0,188810001,还神,2,6,10000,1
750000001_1,,月华之生：每秒回复65点生命，持续5秒，总共回复325点生命值。,1023,0,222210001,月华之生,3,6,5010,1
912500001_1,,攻击力，防御力提高80%,1006,0,,（改）痛苦之源真身,0,6,10000000,1
530000003_8,[0，0，0，0],减速50%，持续5.5秒,1019,0,188810003,破魔,3,5,5500,2
600000026_3,1,将受到伤害的80%反弹回去，持续15秒,1021,0,750000003,以眼还眼,3,6,15000,1
511110001_11,,攻击加强,,0,,攻击加强,0,6,0,1
600000030_4,,直接回复1600点生命,0,0,0,回血,0,6,0,1
511110003_23,,近防加强,,0,,近防加强,0,6,0,1
750000003_7,,琉璃金盾：增加自身470点防御力，持续8秒。,1008,0,750000003,琉璃金盾,3,6,8000,1
511110004_15,,远防加强,,0,,远防加强,0,6,0,1
200000500_2,,防御+5%，持续30分钟,3103,1,,中品防御丹,0,6,1800000,1
750000007_2,,灵守四方（近）：增加自身28近攻防御力。,1611,0,,灵守四方（近）,3,6,30000,1