key,award_score,question_content,question_option,reading_time,right_answers
1,31$30$29$28$27$26$25$24$23$22$21$20$19$18$17$16$15$14$13$12,《兰亭序》具有极高的艺术价值，它的作者是？,1^达芬奇$2^王羲之$3^丰子恺,20,2
2,31$30$29$28$27$26$25$24$23$22$21$20$19$18$17$16$15$14$13$12,中国第一个奴隶制度的王朝 ？,1^夏$2^商$3^周,20,1
3,31$30$29$28$27$26$25$24$23$22$21$20$19$18$17$16$15$14$13$12,《三国演义》中的“凤雏”是？,1^诸葛亮$2^赵云$3^庞统,20,3
4,31$30$29$28$27$26$25$24$23$22$21$20$19$18$17$16$15$14$13$12,“中国戏曲中的人物角色可分为生、旦、净、末、丑，以下哪一个是女角色的统称？,1^生$2^旦$3^丑,20,2
5,31$30$29$28$27$26$25$24$23$22$21$20$19$18$17$16$15$14$13$12,十面埋伏 所用的乐器是？,1^琵琶$2^古筝$3^钢琴,20,1
6,31$30$29$28$27$26$25$24$23$22$21$20$19$18$17$16$15$14$13$12,阿司匹林最初提取于？,1^杨柳树皮$2^唾液$3^动物粪便,20,1
7,31$30$29$28$27$26$25$24$23$22$21$20$19$18$17$16$15$14$13$12,普洱茶的产地在？,1^黑龙江$2^安徽$3^云南,20,3
8,31$30$29$28$27$26$25$24$23$22$21$20$19$18$17$16$15$14$13$12,以下不属于中草药的是？,1^当归$2^砖沫$3^鹿茸,20,2
9,31$30$29$28$27$26$25$24$23$22$21$20$19$18$17$16$15$14$13$12,下著作中，出自孙思邈之手的是？,1^本草纲目$2^千金方$3^水利枢纽,20,2
10,31$30$29$28$27$26$25$24$23$22$21$20$19$18$17$16$15$14$13$12,清代官服上绣有方形图案，成为“补子”，其中一品武官的补子图案是？,1^麒麟$2^仙鹤$3^朱雀,20,1
11,31$30$29$28$27$26$25$24$23$22$21$20$19$18$17$16$15$14$13$12,以下不是中国四大发明的是？,1^火药$2^印染$3^指南针,20,2
12,31$30$29$28$27$26$25$24$23$22$21$20$19$18$17$16$15$14$13$12,三国演义里“木牛流马”是谁制造的？？,1^赵云$2^张飞$3^诸葛亮,20,3
13,31$30$29$28$27$26$25$24$23$22$21$20$19$18$17$16$15$14$13$12,洛阳白马寺创建于那个时期？,1^东汉$2^北宋$3^元朝,20,1
14,31$30$29$28$27$26$25$24$23$22$21$20$19$18$17$16$15$14$13$12,皮影戏最早诞生在两千年前的西汉，“发祥于”中国哪个地区？,1^山西$2^浙江$3^陕西,20,3
15,31$30$29$28$27$26$25$24$23$22$21$20$19$18$17$16$15$14$13$12,太师椅最早的朝代？,1^唐朝$2^宋朝$3^清朝,20,2
16,31$30$29$28$27$26$25$24$23$22$21$20$19$18$17$16$15$14$13$12,“包拯”脸上的印记是什么形状？,1^太阳$2^星星$3^月亮,20,3
17,31$30$29$28$27$26$25$24$23$22$21$20$19$18$17$16$15$14$13$12,清代官服上绣有方形图案，称为“补子”，其中三品文官的补子图案是？,1^大象$2^乌鸦$3^孔雀,20,3
18,31$30$29$28$27$26$25$24$23$22$21$20$19$18$17$16$15$14$13$12,月上柳梢头，人约黄昏后。写的是中国哪个传统节日？,1^元宵节$2^中元节$3^情人节,20,1
19,31$30$29$28$27$26$25$24$23$22$21$20$19$18$17$16$15$14$13$12,安徒生童话《海的女儿》里，小美人鱼变成人是为了见到谁？,1^女王$2^王子$3^公主,20,2
20,31$30$29$28$27$26$25$24$23$22$21$20$19$18$17$16$15$14$13$12,古代许多诗句中都有“折柳”二字，这是什么情况下的习俗？,1^定情$2^绝交$3^送别,20,3
21,31$30$29$28$27$26$25$24$23$22$21$20$19$18$17$16$15$14$13$12,传说中文字是谁发明的？,1^夷狄$2^神农$3^仓颉,20,3
22,31$30$29$28$27$26$25$24$23$22$21$20$19$18$17$16$15$14$13$12,按风俗，“腊八粥”应在阴历哪一天喝？,1^八月十五$2^一月初八$3^六月初八,20,2
23,31$30$29$28$27$26$25$24$23$22$21$20$19$18$17$16$15$14$13$12,流行歌曲《不想长大》是哪个组合演唱的？,1^SHE$2^五月天$3^哈狗帮,20,1
24,31$30$29$28$27$26$25$24$23$22$21$20$19$18$17$16$15$14$13$12,流行歌曲《听妈妈的话》是哪个歌手演唱的？,1^周杰伦$2^林俊杰$3^潘玮柏,20,1
25,31$30$29$28$27$26$25$24$23$22$21$20$19$18$17$16$15$14$13$12,古代用“沉鱼落雁，闭月羞花”形容女性之美，其中“沉鱼”是指？,1^王昭君$2^杨贵妃$3^西施,20,3
26,31$30$29$28$27$26$25$24$23$22$21$20$19$18$17$16$15$14$13$12,“金屋藏娇”说的是哪一位皇帝？,1^刘彻$2^刘邦$3^刘墉,20,1
27,31$30$29$28$27$26$25$24$23$22$21$20$19$18$17$16$15$14$13$12,按照风俗习惯戒指带在无名指上表示？,1^订婚$2^恋爱中$3^已婚,20,3
28,31$30$29$28$27$26$25$24$23$22$21$20$19$18$17$16$15$14$13$12,在我国，“桃月”是指？,1^一月$2^二月$3^三月,20,3
29,31$30$29$28$27$26$25$24$23$22$21$20$19$18$17$16$15$14$13$12,按有关法律规定，经营者可以从事的抽奖式有奖销售，最高奖的奖金额的限度是？,1^500元$2^50元$3^5000元,20,3
30,31$30$29$28$27$26$25$24$23$22$21$20$19$18$17$16$15$14$13$12,白马寺在哪个地区？,1^北京$2^河南$3^河北,20,2
31,31$30$29$28$27$26$25$24$23$22$21$20$19$18$17$16$15$14$13$12,按照世界银行新的评价国家财富标准，人均最富的国家是？,1^瑞士$2^意大利$3^卡特尔,20,3
32,31$30$29$28$27$26$25$24$23$22$21$20$19$18$17$16$15$14$13$12,药酒是在哪个朝代之后出现的？？,1^唐朝$2^宋朝$3^清朝,20,1
33,31$30$29$28$27$26$25$24$23$22$21$20$19$18$17$16$15$14$13$12,三国演义中谁刮骨疗毒？,1^赵云$2^马超$3^关羽,20,3
34,31$30$29$28$27$26$25$24$23$22$21$20$19$18$17$16$15$14$13$12,我国最早的表演艺术是？,1^杂技$2^戏曲$3^魔术,20,1
35,31$30$29$28$27$26$25$24$23$22$21$20$19$18$17$16$15$14$13$12,天府之国是哪？,1^安徽$2^四川$3^浙江,20,2
36,31$30$29$28$27$26$25$24$23$22$21$20$19$18$17$16$15$14$13$12,沉鱼落雁闭月羞花中，闭月指谁？,1^貂蝉$2^西施$3^王昭君,20,1
37,31$30$29$28$27$26$25$24$23$22$21$20$19$18$17$16$15$14$13$12,清代官服上绣有方形图案，称为“补子”，其中一品文官的图案是？,1^凤凰$2^企鹅$3^仙鹤,20,3
38,31$30$29$28$27$26$25$24$23$22$21$20$19$18$17$16$15$14$13$12,红娘是哪部作品中的人物？,1^西厢记$2^西游记$3^东游记,20,1
39,31$30$29$28$27$26$25$24$23$22$21$20$19$18$17$16$15$14$13$12,《西游记》中唐僧有几个徒弟？,1^1$2^2$3^3,20,3
40,31$30$29$28$27$26$25$24$23$22$21$20$19$18$17$16$15$14$13$12,“名不正则言不顺”是哪家的思想？,1^儒家$2^墨家$3^法家,20,1
41,31$30$29$28$27$26$25$24$23$22$21$20$19$18$17$16$15$14$13$12,“唐朝古琴有几根弦？,1^六根$2^七根$3^九根,20,2
42,31$30$29$28$27$26$25$24$23$22$21$20$19$18$17$16$15$14$13$12,奥运五环旗中的绿色环代表？,1^北美洲$2^欧洲$3^澳洲,20,3
43,31$30$29$28$27$26$25$24$23$22$21$20$19$18$17$16$15$14$13$12,笄礼是古代女子几岁成年的插笄仪式？,1^13岁$2^15岁$3^17岁,20,2
44,31$30$29$28$27$26$25$24$23$22$21$20$19$18$17$16$15$14$13$12,《金刚经》是哪个教派的著作？？,1^道教$2^佛教$3^伊斯兰教,20,2
45,31$30$29$28$27$26$25$24$23$22$21$20$19$18$17$16$15$14$13$12,“有教无类”是以下哪位提出的观点？,1^墨子$2^韩非子$3^孔子,20,3
46,31$30$29$28$27$26$25$24$23$22$21$20$19$18$17$16$15$14$13$12,巴金的作品有？,1^雷雨$2^家$3^狂人日记,20,2
47,31$30$29$28$27$26$25$24$23$22$21$20$19$18$17$16$15$14$13$12,“不为五斗米折腰”的古代人物是？,1^陶渊明$2^诸葛亮$3^王羲之,20,1
48,31$30$29$28$27$26$25$24$23$22$21$20$19$18$17$16$15$14$13$12,“我国第一个伟大的浪漫主义爱国诗人是？,1^李商隐$2^屈原$3^钟汉离,20,2
49,31$30$29$28$27$26$25$24$23$22$21$20$19$18$17$16$15$14$13$12,清代号雪芹所著的小说《红楼梦》最初时命名为？,1^《石头记》$2^《红灯梦》$3^《梦红楼》,20,1
50,31$30$29$28$27$26$25$24$23$22$21$20$19$18$17$16$15$14$13$12,祖冲之第一个把圆周率准确推算到小数点后第几位？,1^第四位$2^第七位$3^第十位,20,2
51,31$30$29$28$27$26$25$24$23$22$21$20$19$18$17$16$15$14$13$12,北宋的两个著名词人晏殊和晏几道是什么关系？,1^父子$2^兄弟$3^表亲,20,1
52,31$30$29$28$27$26$25$24$23$22$21$20$19$18$17$16$15$14$13$12,清朝入关后的第一位皇帝是？,1^顺治$2^康熙$3^多尔衮,20,1
53,31$30$29$28$27$26$25$24$23$22$21$20$19$18$17$16$15$14$13$12,神医扁鹊是哪个朝代人？,1^秦朝$2^春秋战国$3^东汉,20,2
54,31$30$29$28$27$26$25$24$23$22$21$20$19$18$17$16$15$14$13$12,哪位君主采纳“废黜百家，独尊儒术”的建议答案:？,1^汉文帝$2^汉武帝$3^汉献帝,20,2
55,31$30$29$28$27$26$25$24$23$22$21$20$19$18$17$16$15$14$13$12,下列哪个不是元曲四大家是？,1^马致远$2^关汉卿$3^王安石,20,3
56,31$30$29$28$27$26$25$24$23$22$21$20$19$18$17$16$15$14$13$12,明朝开国皇帝是谁？,1^朱元璋$2^朱棣$3^朱允炆,20,1
57,31$30$29$28$27$26$25$24$23$22$21$20$19$18$17$16$15$14$13$12,“二胡”是民间常见的拉弦乐器，它的琴弦数目是？,1^一根$2^两根$3^三根,20,2
58,31$30$29$28$27$26$25$24$23$22$21$20$19$18$17$16$15$14$13$12,“大弦嘈嘈如急雨，小弦切切如私语”描述的是哪种乐器？,1^琵琶$2^古筝$3^二胡,20,1
59,31$30$29$28$27$26$25$24$23$22$21$20$19$18$17$16$15$14$13$12,福建名茶“大红袍”属于哪类茶？,1^绿茶$2^红茶$3^乌龙茶,20,3
60,31$30$29$28$27$26$25$24$23$22$21$20$19$18$17$16$15$14$13$12,“白雪公主”这个形象最早来自于？,1^北欧神话$2^安徒生童话$3^格林童话,20,3
61,31$30$29$28$27$26$25$24$23$22$21$20$19$18$17$16$15$14$13$12,以下中药里，除了治病外，还有驱蚊功效的是？,1^艾草$2^人参$3^灵芝,20,1
62,31$30$29$28$27$26$25$24$23$22$21$20$19$18$17$16$15$14$13$12,白鳍豚用什么呼吸？,1^眼睛$2^肺$3^鼻子,20,2
63,31$30$29$28$27$26$25$24$23$22$21$20$19$18$17$16$15$14$13$12,下列具有疏散风热、清目醒脑作用的一味中草药是？,1^白芷$2^牛黄$3^薄荷,20,3
64,31$30$29$28$27$26$25$24$23$22$21$20$19$18$17$16$15$14$13$12,白种人眼珠呈蓝色是因为眼珠上的虹膜含有较少的什么物质？,1^黑色素$2^钙$3^锌,20,1
65,31$30$29$28$27$26$25$24$23$22$21$20$19$18$17$16$15$14$13$12,“百会穴”在身体的哪个部位？,1^人中$2^咽喉$3^头顶正中,20,3
66,31$30$29$28$27$26$25$24$23$22$21$20$19$18$17$16$15$14$13$12,蜡染是哪个民族特有的印染工艺？,1^傣族$2^苗族$3^壮族,20,2
67,31$30$29$28$27$26$25$24$23$22$21$20$19$18$17$16$15$14$13$12,四羊方尊是哪个朝代的物品？？,1^商朝$2^周朝$3^明朝,20,1
68,31$30$29$28$27$26$25$24$23$22$21$20$19$18$17$16$15$14$13$12,“红酥手，黄籘酒，满城春色宫墙柳”这一首词描写的是谁的爱情故事？,1^陆游$2^李白$3^李商隐,20,1
69,31$30$29$28$27$26$25$24$23$22$21$20$19$18$17$16$15$14$13$12,“莫道不销魂，帘卷西风，人比（）瘦”括号内的文字是？,1^月季$2^黄花$3^玫瑰,20,2
70,31$30$29$28$27$26$25$24$23$22$21$20$19$18$17$16$15$14$13$12,词语芊芊代表什么颜色？,1^粉红色$2^翠绿色$3^浅黄色,20,2
71,31$30$29$28$27$26$25$24$23$22$21$20$19$18$17$16$15$14$13$12,“身无彩凤双飞翼”的下一句是：？,1^忽如一夜春风来$2^心有灵犀一点通$3^落花时节又逢君,20,2
72,31$30$29$28$27$26$25$24$23$22$21$20$19$18$17$16$15$14$13$12,“蜡烛有心还惜别 替人垂泪到天明”的作者是？,1^杜牧$2^杜甫$3^李白,20,1
73,31$30$29$28$27$26$25$24$23$22$21$20$19$18$17$16$15$14$13$12,保险责任开始后，投保人要求解除合同的，保险人可以？,1^违约$2^退险$3^收取部分保险,20,3
74,31$30$29$28$27$26$25$24$23$22$21$20$19$18$17$16$15$14$13$12,《长恨歌》中“后宫佳丽三千人”的下句是？,1^三千宠爱在一身$2^杨家有女初长成$3^在天愿作比翼鸟,20,1
75,31$30$29$28$27$26$25$24$23$22$21$20$19$18$17$16$15$14$13$12,报道中有时会看到关于“UFO”的报道，UFO是指？,1^联邦调查局$2^航空母舰$3^不明飞行物,20,3
76,31$30$29$28$27$26$25$24$23$22$21$20$19$18$17$16$15$14$13$12,北极的气温比南极的气温？,1^高$2^低$3^一样,20,1
77,31$30$29$28$27$26$25$24$23$22$21$20$19$18$17$16$15$14$13$12,与木兰辞并称乐府双璧的是？,1^《蒹葭》$2^《孔雀东南飞》$3^《诗经》,20,2
78,31$30$29$28$27$26$25$24$23$22$21$20$19$18$17$16$15$14$13$12,不属于属于四大名著的是？,1^《西游记》$2^《红楼梦》$3^《西厢记》,20,3
79,31$30$29$28$27$26$25$24$23$22$21$20$19$18$17$16$15$14$13$12,北极没有企鹅是因为？,1^人多$2^捕猎$3^气候,20,2
80,31$30$29$28$27$26$25$24$23$22$21$20$19$18$17$16$15$14$13$12,北极星处于天空中的？,1^小熊星座$2^狮子座$3^白羊座,20,1
81,31$30$29$28$27$26$25$24$23$22$21$20$19$18$17$16$15$14$13$12,北京的故宫是哪个朝代的皇宫？,1^西汉$2^明清$3^唐代,20,2
82,31$30$29$28$27$26$25$24$23$22$21$20$19$18$17$16$15$14$13$12,北京大钟寺，苏州寒山寺，每逢除夕之夜要鸣钟多少下？,1^49下$2^81下$3^108下,20,3
83,31$30$29$28$27$26$25$24$23$22$21$20$19$18$17$16$15$14$13$12,北京等地四合院的大门一般是开在哪个角上？,1^东南角$2^西北角$3^东北角,20,1
84,31$30$29$28$27$26$25$24$23$22$21$20$19$18$17$16$15$14$13$12,北京圆明园由三园构成，分别是圆明、长春，还有一个叫做什么？,1^富春$2^万春$3^立春,20,2
85,31$30$29$28$27$26$25$24$23$22$21$20$19$18$17$16$15$14$13$12,成语“碧落黄泉”中“黄泉”是指？,1^地府$2^溪水$3^瀑布,20,1
86,31$30$29$28$27$26$25$24$23$22$21$20$19$18$17$16$15$14$13$12,古代成语中“不分皂白”中的皂什么颜色？？,1^黑色$2^白色$3^绿色,20,1
87,31$30$29$28$27$26$25$24$23$22$21$20$19$18$17$16$15$14$13$12,柳公权是哪个朝代人？,1^西周$2^汉朝$3^唐朝,20,3
88,31$30$29$28$27$26$25$24$23$22$21$20$19$18$17$16$15$14$13$12,“乞巧节”指的是农历？,1^八月十五$2^七月初七$3^腊月初八,20,2
89,31$30$29$28$27$26$25$24$23$22$21$20$19$18$17$16$15$14$13$12,古时用“十二生肖”对应十二地支，其中与“辰”对应的是？,1^鼠$2^蛇$3^龙,20,3
90,31$30$29$28$27$26$25$24$23$22$21$20$19$18$17$16$15$14$13$12,被称为荷月的月份是？,1^四月$2^七月$3^六月,20,3
91,31$30$29$28$27$26$25$24$23$22$21$20$19$18$17$16$15$14$13$12,“仲夏”在古代时令中是指农历几月？,1^三月$2^四月$3^五月,20,3
92,31$30$29$28$27$26$25$24$23$22$21$20$19$18$17$16$15$14$13$12,下列哪个是四书五经中的“五经”？,1^战国$2^春秋$3^风雨,20,2
93,31$30$29$28$27$26$25$24$23$22$21$20$19$18$17$16$15$14$13$12,被称为“三苏”的北宋文学家父子中的父亲是？,1^苏澈$2^苏轼$3^苏洵,20,3
94,31$30$29$28$27$26$25$24$23$22$21$20$19$18$17$16$15$14$13$12,被称为菊月的月份是？,1^九月$2^十月$3^十一月,20,1
95,31$30$29$28$27$26$25$24$23$22$21$20$19$18$17$16$15$14$13$12,杜康是哪个朝代的人？,1^夏朝$2^商朝$3^周朝,20,1
96,31$30$29$28$27$26$25$24$23$22$21$20$19$18$17$16$15$14$13$12,被称为“诗圣”的唐代诗人是？,1^李白$2^辛弃疾$3^杜甫,20,3
97,31$30$29$28$27$26$25$24$23$22$21$20$19$18$17$16$15$14$13$12,被称为“世界第八奇观”的是？,1^金字塔$2^兵马俑$3^长城,20,3
98,31$30$29$28$27$26$25$24$23$22$21$20$19$18$17$16$15$14$13$12,被称为“万物之园”的是？,1^圆明园$2^大观园$3^颐和园,20,1
99,31$30$29$28$27$26$25$24$23$22$21$20$19$18$17$16$15$14$13$12,被称为我国最大的古典艺术宝库的石窟是哪一个？,1^龙门石窟$2^云冈石窟$3^敦煌莫高窟,20,2
100,31$30$29$28$27$26$25$24$23$22$21$20$19$18$17$16$15$14$13$12,被称为“书圣”的古代书法家为？,1^丰子恺$2^徐悲鸿$3^王羲之,20,3
101,31$30$29$28$27$26$25$24$23$22$21$20$19$18$17$16$15$14$13$12,被称为我国“瓷都”的是指哪一城市？,1^景德镇$2^忙宁镇$3^佛山镇,20,1
102,31$30$29$28$27$26$25$24$23$22$21$20$19$18$17$16$15$14$13$12,活字印刷技术发明人是？,1^毕昇$2^祖冲之$3^王充,20,1
103,31$30$29$28$27$26$25$24$23$22$21$20$19$18$17$16$15$14$13$12,被称为杏月的月份是？,1^二月$2^三月$3^六月,20,1
104,31$30$29$28$27$26$25$24$23$22$21$20$19$18$17$16$15$14$13$12,中国古代人们所说的“元旦”是指哪一天？,1^1月1日$2^二月初二$3^八月十五,20,1
105,31$30$29$28$27$26$25$24$23$22$21$20$19$18$17$16$15$14$13$12,古人发明的一咱工具“耒耜”（读leisi）用在哪个行业？,1^工业$2^农业$3^商业,20,2
106,31$30$29$28$27$26$25$24$23$22$21$20$19$18$17$16$15$14$13$12,被称为“液体面包”的是？,1^果酒$2^啤酒$3^红酒,20,2
107,31$30$29$28$27$26$25$24$23$22$21$20$19$18$17$16$15$14$13$12,佛教起源于何地？,1^天竺$2^杭州$3^新加坡,20,1
108,31$30$29$28$27$26$25$24$23$22$21$20$19$18$17$16$15$14$13$12,佛曰：“救人一命，胜造七级浮屠。”其中浮屠的意思指的是？,1^盘子$2^佛珠$3^宝塔,20,3
109,31$30$29$28$27$26$25$24$23$22$21$20$19$18$17$16$15$14$13$12,被公认为体育运动和健美体魄象征的雕像是？,1^自由女神像$2^思考者$3^掷铁饼者,20,3
110,31$30$29$28$27$26$25$24$23$22$21$20$19$18$17$16$15$14$13$12,被蜜蜂蜇伤后局部可用5%-20%的什么湿敷？,1^碘酒$2^牙膏$3^小苏打,20,3
111,31$30$29$28$27$26$25$24$23$22$21$20$19$18$17$16$15$14$13$12,被人们称作“梦幻工厂”的是？,1^迪士尼$2^google$3^好莱坞,20,3
112,31$30$29$28$27$26$25$24$23$22$21$20$19$18$17$16$15$14$13$12,被国内外人士誉为“中国三大国粹”的是京剧、国画和？,1^饺子$2^太极拳$3^中医,20,3
113,31$30$29$28$27$26$25$24$23$22$21$20$19$18$17$16$15$14$13$12,古人所称的“拙荆”是指？,1^小妾$2^女儿$3^妻子,20,3
114,31$30$29$28$27$26$25$24$23$22$21$20$19$18$17$16$15$14$13$12,被莎士比亚赞美为“天堂的苹果”的水果是？,1^香蕉$2^火龙果$3^榴莲,20,1
115,31$30$29$28$27$26$25$24$23$22$21$20$19$18$17$16$15$14$13$12,被誉为“钢琴之王”的作曲家是？,1^莫扎特$2^贝多芬$3^李斯特,20,2
116,31$30$29$28$27$26$25$24$23$22$21$20$19$18$17$16$15$14$13$12,在古代，下列哪个词语中用来称呼对方妻子？,1^老婆$2^太太$3^令阃,20,3
117,31$30$29$28$27$26$25$24$23$22$21$20$19$18$17$16$15$14$13$12,比利时著名的“撒尿小孩”铜雕，平时他尿的是自来水，那狂欢节他尿的是什么？,1^果汁$2^牛奶$3^啤酒,20,3
118,31$30$29$28$27$26$25$24$23$22$21$20$19$18$17$16$15$14$13$12,“五台山”是中国佛教四大名山之一，它位于哪个省？,1^陕西$2^陕西$3^山东,20,2
119,31$30$29$28$27$26$25$24$23$22$21$20$19$18$17$16$15$14$13$12,比长江还要长的河是？,1^密西西比河$2^亚马逊河$3^黑河,20,2
120,31$30$29$28$27$26$25$24$23$22$21$20$19$18$17$16$15$14$13$12,道教创始于哪个时代？,1^三国$2^商朝$3^东汉,20,3
121,31$30$29$28$27$26$25$24$23$22$21$20$19$18$17$16$15$14$13$12,“碧螺春”是一种？,1^乌龙茶$2^绿茶$3^减肥茶,20,2
122,31$30$29$28$27$26$25$24$23$22$21$20$19$18$17$16$15$14$13$12,古代“敦煌艺术”源于中国哪个教派？,1^道教$2^佛教$3^儒教,20,2
123,31$30$29$28$27$26$25$24$23$22$21$20$19$18$17$16$15$14$13$12,避雷针的发明者是？,1^富兰克林$2^爱迪生$3^贝克汉姆,20,1
124,31$30$29$28$27$26$25$24$23$22$21$20$19$18$17$16$15$14$13$12,佛教所称“圆寂”是指？,1^佛门中人去世$2^修行$3^练武,20,1
125,31$30$29$28$27$26$25$24$23$22$21$20$19$18$17$16$15$14$13$12,毕升发明活字印刷比欧洲早了多少年？,1^100年$2^200年$3^400年,20,3
126,31$30$29$28$27$26$25$24$23$22$21$20$19$18$17$16$15$14$13$12,《三国演义》中的“卧龙”是？,1^赵云$2^诸葛亮$3^夏侯渊,20,2
127,31$30$29$28$27$26$25$24$23$22$21$20$19$18$17$16$15$14$13$12,孝文帝拓拔宏属于以下哪个民族？,1^鲜卑族$2^羌族$3^赫哲族,20,1
128,31$30$29$28$27$26$25$24$23$22$21$20$19$18$17$16$15$14$13$12,战国时期哪个国家使用铲型币？,1^齐国$2^楚国$3^赵国,20,3
129,31$30$29$28$27$26$25$24$23$22$21$20$19$18$17$16$15$14$13$12,标准工作日即每日工作8小时，这适用于个体工商户吗？,1^不适用$2^适用$3^视情况而定,20,2
130,31$30$29$28$27$26$25$24$23$22$21$20$19$18$17$16$15$14$13$12,南宋都城临安.是现今何处?,1^南京$2^开封$3^杭州,20,3
131,31$30$29$28$27$26$25$24$23$22$21$20$19$18$17$16$15$14$13$12,唐朝高等学府是？,1^太医院$2^国子监$3^漱芳斋,20,2
132,31$30$29$28$27$26$25$24$23$22$21$20$19$18$17$16$15$14$13$12,“不鸣则已，一鸣惊人”这句成语源自于谁的典故？,1^楚庄王$2^齐桓公$3^秦始皇,20,1
133,31$30$29$28$27$26$25$24$23$22$21$20$19$18$17$16$15$14$13$12,三国时期马谡曾在街亭一战败给哪位魏国大将？,1^张飞$2^张郃$3^刘备,20,2
134,31$30$29$28$27$26$25$24$23$22$21$20$19$18$17$16$15$14$13$12,唐太宗李世民的年号是？,1^安史$2^贞观$3^武德,20,2
135,31$30$29$28$27$26$25$24$23$22$21$20$19$18$17$16$15$14$13$12,春秋战国时期诸子百家不包括？,1^儒家$2^道家$3^佛教,20,3
136,31$30$29$28$27$26$25$24$23$22$21$20$19$18$17$16$15$14$13$12,传说每年平安夜晚圣诞老天让你送礼物时候乘坐的雪橇是什么动物拉的？,1^狗$2^驯鹿$3^宝马,20,2
137,31$30$29$28$27$26$25$24$23$22$21$20$19$18$17$16$15$14$13$12,朋友间会以恶作剧的方式来互开玩笑的愚人节在每年的几月几号？,1^1月1号$2^4月1号$3^8月1号,20,2
138,31$30$29$28$27$26$25$24$23$22$21$20$19$18$17$16$15$14$13$12,2000年夏季奥运会是在哪个城市举办的？,1^悉尼$2^加拿大$3^美国,20,1
139,31$30$29$28$27$26$25$24$23$22$21$20$19$18$17$16$15$14$13$12,冰糖是用什么做的？,1^蓬塘$2^白砂糖$3^蔗糖,20,2
140,31$30$29$28$27$26$25$24$23$22$21$20$19$18$17$16$15$14$13$12,经常用来庆祝胜利的香槟酒起源于哪个国家？,1^英国$2^美国$3^法国,20,3
141,31$30$29$28$27$26$25$24$23$22$21$20$19$18$17$16$15$14$13$12,我国国酒茅台酒出于哪个省份？,1^云南$2^山东$3^贵州,20,3
142,31$30$29$28$27$26$25$24$23$22$21$20$19$18$17$16$15$14$13$12,冰心的真名是？,1^沈冰心$2^谢婉莹$3^周树人,20,2
143,31$30$29$28$27$26$25$24$23$22$21$20$19$18$17$16$15$14$13$12,空调的发明者是哪国人？,1^埃及人$2^美国人$3^俄罗斯人,20,2
144,31$30$29$28$27$26$25$24$23$22$21$20$19$18$17$16$15$14$13$12,第五套人民币中紫色人像的面值是多少？,1^一元$2^五元$3^二十元,20,2
145,31$30$29$28$27$26$25$24$23$22$21$20$19$18$17$16$15$14$13$12,我们现在实行的八小时工作制度最早在哪个国家出现？,1^美国$2^匈牙利$3^英国,20,3
146,31$30$29$28$27$26$25$24$23$22$21$20$19$18$17$16$15$14$13$12,美国第一所军事学校是什么学校？,1^西点军校$2^瑞典军校$3^都不是,20,1
147,31$30$29$28$27$26$25$24$23$22$21$20$19$18$17$16$15$14$13$12,“琼”是中国哪个省的简称？,1^海南$2^黑龙江$3^山东,20,1
148,31$30$29$28$27$26$25$24$23$22$21$20$19$18$17$16$15$14$13$12,表示国内生产总值的英文简称是？,1^CEO$2^GDP$3^NPC,20,2
149,31$30$29$28$27$26$25$24$23$22$21$20$19$18$17$16$15$14$13$12,玻璃幕墙的光反射能否造成光污染？,1^能$2^不能$3^没有光污染,20,1
150,31$30$29$28$27$26$25$24$23$22$21$20$19$18$17$16$15$14$13$12,波尔卡是一种？,1^捷克舞蹈$2^法国银行$3^电信公司,20,1
151,31$30$29$28$27$26$25$24$23$22$21$20$19$18$17$16$15$14$13$12,以帆为造型的悉尼标志性建筑物是什么？,1^悉尼歌剧院$2^云冈石窟$3^水立方,20,1
152,31$30$29$28$27$26$25$24$23$22$21$20$19$18$17$16$15$14$13$12,首席执行官的职务英文简称？,1^FBI$2^COO$3^CEO,20,3
153,31$30$29$28$27$26$25$24$23$22$21$20$19$18$17$16$15$14$13$12,“波谲云诡”最初是用来形容什么？,1^颜色$2^房子$3^天气,20,2
154,31$30$29$28$27$26$25$24$23$22$21$20$19$18$17$16$15$14$13$12,最早的红白机游戏超级玛丽由日本哪家知名游戏制作公司出品？,1^索尼$2^任天堂$3^任地狱,20,2
155,31$30$29$28$27$26$25$24$23$22$21$20$19$18$17$16$15$14$13$12,内地歌手刀郎的歌曲是形容哪一年的第一场雪？,1^2001$2^2002$3^2003,20,2
156,31$30$29$28$27$26$25$24$23$22$21$20$19$18$17$16$15$14$13$12,康熙王朝主题曲的最后一句：我真的还想再活多少年？？,1^100$2^250$3^500,20,3
157,31$30$29$28$27$26$25$24$23$22$21$20$19$18$17$16$15$14$13$12,人们常说花季的年纪指多少岁？？,1^14$2^15$3^16,20,3
158,31$30$29$28$27$26$25$24$23$22$21$20$19$18$17$16$15$14$13$12,在新浪微博中，发表文章的字数限制是多少字？,1^100$2^120$3^140,20,3
159,31$30$29$28$27$26$25$24$23$22$21$20$19$18$17$16$15$14$13$12,劳动法规定，劳动者试用期不能超过几个月？,1^一个月$2^三个月$3^六个月,20,3
160,31$30$29$28$27$26$25$24$23$22$21$20$19$18$17$16$15$14$13$12,不合格的铝制品，器物表面有？,1^黄点$2^白点$3^黑点,20,2
161,31$30$29$28$27$26$25$24$23$22$21$20$19$18$17$16$15$14$13$12,壁虎在遇到敌人攻击，很危险的情况下会舍弃身体的什么部分逃走？,1^尾巴$2^爪子$3^脑袋,20,1
162,31$30$29$28$27$26$25$24$23$22$21$20$19$18$17$16$15$14$13$12,不是《诗经》分类方法的？,1^赋$2^雅$3^颂,20,1
163,31$30$29$28$27$26$25$24$23$22$21$20$19$18$17$16$15$14$13$12,世界上现存最大的两栖动物，因叫声很像幼儿哭声又名什么鱼？,1^海豚$2^鳄鱼$3^娃娃鱼,20,3
164,31$30$29$28$27$26$25$24$23$22$21$20$19$18$17$16$15$14$13$12,变脸是我国哪个表演戏剧的绝活？,1^川剧$2^京剧$3^豫剧,20,1
165,31$30$29$28$27$26$25$24$23$22$21$20$19$18$17$16$15$14$13$12,骨质疏松症主要是身体缺乏哪种矿物质？,1^钙$2^锌$3^维生素D,20,1
166,31$30$29$28$27$26$25$24$23$22$21$20$19$18$17$16$15$14$13$12,夜盲症缺什么维生素所导致？,1^维生素C$2^β胡萝卜素$3^维生素A,20,3
167,31$30$29$28$27$26$25$24$23$22$21$20$19$18$17$16$15$14$13$12,曾饰演许文强，小马哥，赌神，等经典角色的香港男影星是谁？,1^周杰伦$2^周星驰$3^周润发,20,3
168,31$30$29$28$27$26$25$24$23$22$21$20$19$18$17$16$15$14$13$12,徐克电影笑傲江湖东方不败的东方不败由哪位女演员扮演的？,1^王祖贤$2^林青霞$3^周慧敏,20,2
169,31$30$29$28$27$26$25$24$23$22$21$20$19$18$17$16$15$14$13$12,2009年红极一时的歌曲，七月份的尾巴，是什么星座？,1^双鱼座$2^摩羯座$3^狮子座,20,3
170,31$30$29$28$27$26$25$24$23$22$21$20$19$18$17$16$15$14$13$12,不同人种肤色的巨大差别是由什么造成的？,1^黑色素$2^水$3^岩石,20,1
171,31$30$29$28$27$26$25$24$23$22$21$20$19$18$17$16$15$14$13$12,有“小哥”一称，与周杰伦共同演唱千里之外的男歌手是谁？,1^费玉清$2^范特西$3^叶惠美,20,1
172,31$30$29$28$27$26$25$24$23$22$21$20$19$18$17$16$15$14$13$12,霸王别姬是京剧中有名的桥段，请问项羽在那条河边自刎的？,1^湘江$2^乌江$3^松花江,20,2
173,31$30$29$28$27$26$25$24$23$22$21$20$19$18$17$16$15$14$13$12,我国大陆家庭电路的电压统一使用为多少伏？,1^210V$2^220V$3^230V,20,2
174,31$30$29$28$27$26$25$24$23$22$21$20$19$18$17$16$15$14$13$12,著名卡通形象米老鼠有几根手指？？,1^三根$2^四根$3^五根,20,2
175,31$30$29$28$27$26$25$24$23$22$21$20$19$18$17$16$15$14$13$12,动画片中舒克贝塔历险记中，舒克是什么职业？,1^指挥官$2^飞行员$3^炮兵,20,2
176,31$30$29$28$27$26$25$24$23$22$21$20$19$18$17$16$15$14$13$12,四大名茶之一的龙井茶产地是哪个城市？,1^杭州$2^安徽$3^甘肃,20,1
177,31$30$29$28$27$26$25$24$23$22$21$20$19$18$17$16$15$14$13$12,自称9岁起博览群书，智商前三百年，后三百年无人能及的网络红人俗称什么？,1^凤姐$2^芙蓉姐姐$3^小胖,20,1
178,31$30$29$28$27$26$25$24$23$22$21$20$19$18$17$16$15$14$13$12,电影午夜凶铃中从电视剧爬出来的著名恐怖角色叫什么？,1^栗子$2^松子$3^贞子,20,3
179,31$30$29$28$27$26$25$24$23$22$21$20$19$18$17$16$15$14$13$12,中国和朝鲜两国的界河叫做什么江？,1^松花江$2^鸭绿江$3^澜沧江,20,2
180,31$30$29$28$27$26$25$24$23$22$21$20$19$18$17$16$15$14$13$12,目前我国内地的小型民用汽车牌照的底色是什么颜色？,1^蓝色$2^黄色$3^红色,20,1
181,31$30$29$28$27$26$25$24$23$22$21$20$19$18$17$16$15$14$13$12,被誉为绿色林海的大兴安岭位于我国哪个省份？,1^吉林$2^黑龙江$3^天津,20,2
182,31$30$29$28$27$26$25$24$23$22$21$20$19$18$17$16$15$14$13$12,欧洲的哪个城市被世界公认为“雾都”？,1^伦敦$2^柏林$3^马德里,20,1
183,31$30$29$28$27$26$25$24$23$22$21$20$19$18$17$16$15$14$13$12,西藏布达拉宫最初是松赞干布为了迎接谁而兴建的？,1^太平公主$2^文成公主$3^南溪公主,20,2
184,31$30$29$28$27$26$25$24$23$22$21$20$19$18$17$16$15$14$13$12,金庸小说《射雕英雄传》中第一次华山论剑的胜利者是哪一位？,1^欧阳克$2^洪七公$3^王重阳,20,3
185,31$30$29$28$27$26$25$24$23$22$21$20$19$18$17$16$15$14$13$12,法国巴黎有名的凯旋门是为了纪念哪位名人建造的？,1^凯撒大帝$2^麦哲伦$3^拿破仑,20,3
186,31$30$29$28$27$26$25$24$23$22$21$20$19$18$17$16$15$14$13$12,电影《泰坦尼克号》中，年老的 Rose 扔进海里的蓝色钻石叫什么名字？,1^海洋之心$2^海洋之泪$3^海洋之南,20,1
187,31$30$29$28$27$26$25$24$23$22$21$20$19$18$17$16$15$14$13$12,“小虎队”成员中，吴奇隆被称为什么虎？,1^乖乖虎$2^霹雳虎$3^小坏虎,20,2
188,31$30$29$28$27$26$25$24$23$22$21$20$19$18$17$16$15$14$13$12,在《三国演义》中，“一个愿打一个愿挨”形容的是周瑜与哪位将领的故事？？,1^张飞$2^黄盖$3^刘备,20,2
189,31$30$29$28$27$26$25$24$23$22$21$20$19$18$17$16$15$14$13$12,小说《封神演义》中，哪位著名的的人物用直的鱼钩钓鱼？？,1^哪吒$2^姜太公$3^妲己,20,2
190,31$30$29$28$27$26$25$24$23$22$21$20$19$18$17$16$15$14$13$12,我国明代“七下西洋”的航海家是谁？,1^郑和$2^郑成功$3^文天祥,20,1
191,31$30$29$28$27$26$25$24$23$22$21$20$19$18$17$16$15$14$13$12,2008 年的北京奥运会，中国代表队一共夺得了多少枚金牌？,1^50$2^51$3^52,20,2
192,31$30$29$28$27$26$25$24$23$22$21$20$19$18$17$16$15$14$13$12,香港特别行政区的区花是什么？,1^紫荆花$2^菊花$3^玫瑰花,20,1
193,31$30$29$28$27$26$25$24$23$22$21$20$19$18$17$16$15$14$13$12,收藏有油画《蒙娜丽莎》等珍贵作品的博物馆是哪一座？,1^卢浮宫$2^大英博物馆$3^大都会博物馆,20,1
194,31$30$29$28$27$26$25$24$23$22$21$20$19$18$17$16$15$14$13$12,琼瑶电视剧《还珠格格》中紫薇格格的亲生母亲叫什么名字？,1^夏雨荷$2^容嬷嬷$3^夏冬春,20,1
195,31$30$29$28$27$26$25$24$23$22$21$20$19$18$17$16$15$14$13$12,历史上“焚书坑儒”的只中国的那一位皇帝？,1^秦始皇$2^汉文帝$3^明成祖,20,1
196,31$30$29$28$27$26$25$24$23$22$21$20$19$18$17$16$15$14$13$12,28 年作为央视春节联欢晚会结尾曲的歌曲叫什么名字？,1^难忘今宵$2^快乐$3^相约,20,1
197,31$30$29$28$27$26$25$24$23$22$21$20$19$18$17$16$15$14$13$12,小说《封神演义》中，传说由狐狸精变成的商纣王宠妃是谁？,1^妲己$2^柳琵琶$3^褒姒,20,1
198,31$30$29$28$27$26$25$24$23$22$21$20$19$18$17$16$15$14$13$12,曹雪芹的《红楼梦》中，葬花的人是谁？,1^林黛玉$2^李纨$3^薛宝钗,20,1
199,31$30$29$28$27$26$25$24$23$22$21$20$19$18$17$16$15$14$13$12,我国哪个古镇以生产瓷器而闻名于世？,1^景德镇$2^苏镇$3^铜龙镇,20,1
200,31$30$29$28$27$26$25$24$23$22$21$20$19$18$17$16$15$14$13$12,金庸小说《倚天屠龙记》中，金毛狮王叫什么名字？,1^谢逊$2^黛绮丝$3^韦一笑,20,1
201,31$30$29$28$27$26$25$24$23$22$21$20$19$18$17$16$15$14$13$12,用椰子和西瓜打头哪一个比较痛？,1^西瓜$2^头$3^椰子,20,2
202,31$30$29$28$27$26$25$24$23$22$21$20$19$18$17$16$15$14$13$12,兔子和乌龟比什么绝对不会输？,1^跳高$2^仰卧起坐$3^赛跑,20,2
203,31$30$29$28$27$26$25$24$23$22$21$20$19$18$17$16$15$14$13$12,世界上有“钢琴诗人”之称的波澜钢琴家是哪一位？,1^肖邦$2^贝多芬$3^莫扎特,20,1
204,31$30$29$28$27$26$25$24$23$22$21$20$19$18$17$16$15$14$13$12,“遥知兄弟登高处，遍插茱萸少一人” ，描述的是什么节日？,1^清明节$2^重阳节$3^端午节,20,2
205,31$30$29$28$27$26$25$24$23$22$21$20$19$18$17$16$15$14$13$12,标准中国象棋中，一共有多少个棋子？,1^30$2^31$3^32,20,3
206,31$30$29$28$27$26$25$24$23$22$21$20$19$18$17$16$15$14$13$12,通常所说的计算机的“大脑”指的是电脑的什么部件？,1^CPU$2^硬盘$3^风扇,20,1
207,31$30$29$28$27$26$25$24$23$22$21$20$19$18$17$16$15$14$13$12,古诗名句“春蚕到死丝方尽”的下句是？,1^蜡炬成灰泪始干$2^何事秋风悲画扇$3^只是当时已惘然,20,1
208,31$30$29$28$27$26$25$24$23$22$21$20$19$18$17$16$15$14$13$12,电影《泰坦尼克号》的主题曲叫做？,1^我心永恒$2^海洋之心$3^泰坦尼克,20,1
209,31$30$29$28$27$26$25$24$23$22$21$20$19$18$17$16$15$14$13$12,我们通常所说“煤气中毒”是由于煤气中哪种气体吸入过量造成的？？,1^一氧化碳$2^一氧化硫$3^二氧化碳,20,1
210,31$30$29$28$27$26$25$24$23$22$21$20$19$18$17$16$15$14$13$12,中国十大名茶之一的“白毫银针”原产地在哪个省？,1^福建$2^辽宁$3^北京,20,1
211,31$30$29$28$27$26$25$24$23$22$21$20$19$18$17$16$15$14$13$12,“大弦嘈嘈如急雨，小弦切切如私语”描述的是哪种乐器？,1^琵琶$2^胡琴$3^古筝,20,1
212,31$30$29$28$27$26$25$24$23$22$21$20$19$18$17$16$15$14$13$12,现代奥运会起源于哪个国家？,1^埃及$2^雅典$3^希腊,20,3
213,31$30$29$28$27$26$25$24$23$22$21$20$19$18$17$16$15$14$13$12,古诗名句“在天愿作比翼鸟”的下句是？,1^在地愿为连理枝$2^流光欺人忽蹉跎$3^半江瑟瑟半江红,20,1
214,31$30$29$28$27$26$25$24$23$22$21$20$19$18$17$16$15$14$13$12,《西游记》中孙悟空的一个跟斗可以翻多远？,1^十万八千里$2^一万五千里$3^三万四千里,20,3
215,31$30$29$28$27$26$25$24$23$22$21$20$19$18$17$16$15$14$13$12,中国的“雾都”是指哪个城市？,1^重庆$2^上海$3^天津,20,1
216,31$30$29$28$27$26$25$24$23$22$21$20$19$18$17$16$15$14$13$12,古诗名句“忽如一夜春风来”的下句是？,1^千树万树梨花开$2^今日江南又逢君$3^楚客相思益渺然,20,1
217,31$30$29$28$27$26$25$24$23$22$21$20$19$18$17$16$15$14$13$12,著名的《女史箴图》是哪位画家的作品？,1^丰子恺$2^吴道子$3^顾恺之,20,3
218,31$30$29$28$27$26$25$24$23$22$21$20$19$18$17$16$15$14$13$12,以下与自己“辈分相同”的亲属是？,1^舅舅的嫂子的表哥$2^表妹的舅母的堂弟$3^姨夫的弟媳的外甥,20,3
219,31$30$29$28$27$26$25$24$23$22$21$20$19$18$17$16$15$14$13$12,古诗名句“黄四娘家花满蹊”的下句是？,1^留连戏蝶时时舞$2^千朵万朵压枝低$3^一枝红杏出墙来,20,2
220,31$30$29$28$27$26$25$24$23$22$21$20$19$18$17$16$15$14$13$12,.人们常说的“白山黑水”中的“黑水”是指东北的哪条江河？,1^松花江$2^黑龙江$3^鸭绿江,20,2
221,31$30$29$28$27$26$25$24$23$22$21$20$19$18$17$16$15$14$13$12,古代名画“步辇图”的作者是谁？,1^阎立本$2^郭沫若$3^齐白石,20,1
222,31$30$29$28$27$26$25$24$23$22$21$20$19$18$17$16$15$14$13$12,国色天香指的是哪种植物？,1^玫瑰$2^百合$3^牡丹,20,3
223,31$30$29$28$27$26$25$24$23$22$21$20$19$18$17$16$15$14$13$12,古诗名句“千磨万击还坚劲”的下句是？,1^任尔东西南北风$2^唯见长江天际流$3^青春作伴好还乡,20,1
224,31$30$29$28$27$26$25$24$23$22$21$20$19$18$17$16$15$14$13$12,奥运会中的跳台跳水的跳台有几米？,1^8米$2^9米$3^10米,20,3
225,31$30$29$28$27$26$25$24$23$22$21$20$19$18$17$16$15$14$13$12,吃多了皮蛋会造成哪种重金属元素中毒？,1^铅$2^硫$3^铜,20,1
226,31$30$29$28$27$26$25$24$23$22$21$20$19$18$17$16$15$14$13$12,.武则天是中国历史上唯一的女皇帝，她改国号为什么？,1^周$2^李$3^王,20,1
227,31$30$29$28$27$26$25$24$23$22$21$20$19$18$17$16$15$14$13$12,人体分解和代谢酒精的主要器官是什么？,1^大脑$2^肝$3^胃,20,2
228,31$30$29$28$27$26$25$24$23$22$21$20$19$18$17$16$15$14$13$12,古代名画“洛神赋图”的作者是？,1^徐飞鸿$2^齐白石$3^顾恺之,20,3
229,31$30$29$28$27$26$25$24$23$22$21$20$19$18$17$16$15$14$13$12,“众里寻他千百度。”出自辛弃疾的哪首词？,1^青玉案·元夕$2^永遇乐·京口北固亭怀古$3^卜算子,20,1
230,31$30$29$28$27$26$25$24$23$22$21$20$19$18$17$16$15$14$13$12,人体最坚硬的部分是哪里？,1^脂肪$2^牙齿$3^心脏,20,2
231,31$30$29$28$27$26$25$24$23$22$21$20$19$18$17$16$15$14$13$12,金庸小说《笑傲江湖》中，华山派掌门，号称君子剑的是谁？,1^岳不群$2^令狐冲$3^左冷禅,20,1
232,31$30$29$28$27$26$25$24$23$22$21$20$19$18$17$16$15$14$13$12,《西游记》中唐僧师徒四人经过了多少难最终取到了真经？,1^36难$2^72难$3^81难,20,2
233,31$30$29$28$27$26$25$24$23$22$21$20$19$18$17$16$15$14$13$12,古诗名句“问世间情为何物”的下句是？,1^只是一物降一物$2^直教人生死相许$3^只是当时已惘然,20,2
234,31$30$29$28$27$26$25$24$23$22$21$20$19$18$17$16$15$14$13$12,《智取威虎山》中经典台词”天王盖地虎“下一句是？,1^小鸡炖蘑菇$2^宝塔镇河妖$3^一派高岗千古秀,20,2
235,31$30$29$28$27$26$25$24$23$22$21$20$19$18$17$16$15$14$13$12,“飞雪连天射白鹿，笑书神侠倚碧鸳”是哪位作家的14部著作简称？,1^金庸$2^古龙$3^梁羽生,20,1
236,31$30$29$28$27$26$25$24$23$22$21$20$19$18$17$16$15$14$13$12,相传太极拳是由武当山哪位道士所创？,1^张翠山$2^张三丰$3^俞岱岩,20,2
237,31$30$29$28$27$26$25$24$23$22$21$20$19$18$17$16$15$14$13$12,“出师未捷身先死，长使英雄泪满襟”是形容谁的？,1^张飞$2^诸葛亮$3^周瑜,20,2
238,31$30$29$28$27$26$25$24$23$22$21$20$19$18$17$16$15$14$13$12,古诗名句“身无彩凤双飞翼”的下句是？,1^今年花开又一年$2^心有灵犀一点通$3^青春作伴好还乡,20,2
239,31$30$29$28$27$26$25$24$23$22$21$20$19$18$17$16$15$14$13$12,古诗名句“前无古人后无来者”的下句是？,1^念天地之悠悠$2^只是不见仙$3^悠然见南山,20,1
240,31$30$29$28$27$26$25$24$23$22$21$20$19$18$17$16$15$14$13$12,古诗名句“但使龙城飞将在”的下句是？,1^不教胡马度阴山$2^马上相逢无纸笔$3^片片吹落轩辕台,20,1
241,31$30$29$28$27$26$25$24$23$22$21$20$19$18$17$16$15$14$13$12,三国时期“火烧连营”一战的对阵双方是？,1^张飞和曹操$2^陆逊和刘备$3^诸葛亮和周瑜,20,2
242,31$30$29$28$27$26$25$24$23$22$21$20$19$18$17$16$15$14$13$12,电影《白毛女》中，抢走喜儿的地主叫什么名字？,1^黄世仁$2^杨白劳$3^莫声谷,20,1
243,31$30$29$28$27$26$25$24$23$22$21$20$19$18$17$16$15$14$13$12,李闯王是指明末哪位农民起义领袖？,1^李自成$2^李刚$3^李双江,20,3
244,31$30$29$28$27$26$25$24$23$22$21$20$19$18$17$16$15$14$13$12,中国象棋”楚河汉界“跟那两个历史人物有关？,1^刘邦和项羽$2^诸葛亮和关羽$3^陆逊和貂蝉,20,1
245,31$30$29$28$27$26$25$24$23$22$21$20$19$18$17$16$15$14$13$12,《西游记》中二郎神身边的神犬名叫什么？,1^哮天犬$2^三眼珠$3^约瑟夫,20,2
246,31$30$29$28$27$26$25$24$23$22$21$20$19$18$17$16$15$14$13$12,泼水节是我国哪个民族的传统节日也是他们的新年？,1^傣族$2^黎族$3^高山族,20,1
247,31$30$29$28$27$26$25$24$23$22$21$20$19$18$17$16$15$14$13$12,在感恩节这天，美国的家庭基本上都会吃的一道传统食物是什么？,1^火鸡$2^烤鸭$3^带鱼,20,1
248,31$30$29$28$27$26$25$24$23$22$21$20$19$18$17$16$15$14$13$12,传说中的女娲补天，女娲的上半身是人，下半身是什么动物？,1^马$2^鱼$3^蛇,20,2
249,31$30$29$28$27$26$25$24$23$22$21$20$19$18$17$16$15$14$13$12,消费者投诉举报专线电话号码是多少？,1^12306$2^123456$3^12315,20,3
250,31$30$29$28$27$26$25$24$23$22$21$20$19$18$17$16$15$14$13$12,“不鸣则已，一鸣惊人”是形容？,1^楚庄王$2^庞统$3^黄月英,20,1
251,31$30$29$28$27$26$25$24$23$22$21$20$19$18$17$16$15$14$13$12,驴打滚源于满洲，是我国哪个城市的古老小吃品种之一？,1^西安$2^新疆$3^北京,20,3
252,31$30$29$28$27$26$25$24$23$22$21$20$19$18$17$16$15$14$13$12,古代成语“并日而食”的寓意是？,1^吃的很丰盛$2^吃不饱$3^两天吃一顿饭,20,2
253,31$30$29$28$27$26$25$24$23$22$21$20$19$18$17$16$15$14$13$12,古代成语“爱鹤失众”的寓意是？,1^为人友善$2^因小失大$3^不听他人意见,20,2
254,31$30$29$28$27$26$25$24$23$22$21$20$19$18$17$16$15$14$13$12,古代成语“一曝十寒”的意思是？,1^天气很冷$2^没有恒心$3^有耐力,20,2
255,31$30$29$28$27$26$25$24$23$22$21$20$19$18$17$16$15$14$13$12,古代成语“沐猴而冠”的意思是？,1^知书达理$2^徒有其表$3^爱买衣服,20,2
256,31$30$29$28$27$26$25$24$23$22$21$20$19$18$17$16$15$14$13$12,古代成语“兵不血刃”的意思是？,1^全军覆没$2^打仗很惨烈$3^不战而胜,20,3
257,31$30$29$28$27$26$25$24$23$22$21$20$19$18$17$16$15$14$13$12,古代成语“门可罗雀”的意思是？,1^家大业大$2^很冷清$3^十分热闹,20,2
258,31$30$29$28$27$26$25$24$23$22$21$20$19$18$17$16$15$14$13$12,在野外露营时，夜里应该在营地附近生起篝火，这样做是为了？,1^防止第二天迷路$2^防止附近野兽靠近$3^保温,20,2
259,31$30$29$28$27$26$25$24$23$22$21$20$19$18$17$16$15$14$13$12,中国的火警电话是？,1^114$2^119$3^120,20,2
260,31$30$29$28$27$26$25$24$23$22$21$20$19$18$17$16$15$14$13$12,加油站可以拨打手机么？,1^不可以$2^可以$3^没有规定,20,1
261,31$30$29$28$27$26$25$24$23$22$21$20$19$18$17$16$15$14$13$12,被称为“天下第一行书”的是？,1^兰亭序$2^肚痛帖$3^黄州寒食帖,20,1
262,31$30$29$28$27$26$25$24$23$22$21$20$19$18$17$16$15$14$13$12,小猫掉进了河里，大猫将其救起。问：小猫被救上岸时，会说什么？,1^谢谢~~$2^喵~$3^不要救我！,20,2
263,31$30$29$28$27$26$25$24$23$22$21$20$19$18$17$16$15$14$13$12,动物园里谁是百兽之王？,1^老虎$2^园长$3^猴子,20,2
264,31$30$29$28$27$26$25$24$23$22$21$20$19$18$17$16$15$14$13$12,一根针掉进了海里后，该怎么办？,1^跳海捞针$2^抽干海水$3^再去买一根,20,3
265,31$30$29$28$27$26$25$24$23$22$21$20$19$18$17$16$15$14$13$12,两只狗赛跑，甲狗跑得快，乙狗跑得慢，跑到终点时，哪只狗出汗多？,1^甲狗$2^乙狗$3^都不会出汗,20,3
266,31$30$29$28$27$26$25$24$23$22$21$20$19$18$17$16$15$14$13$12,“唐”字由多少笔画构成？,1^10画$2^11画$3^12画,20,1
267,31$30$29$28$27$26$25$24$23$22$21$20$19$18$17$16$15$14$13$12,“藏”字由多少笔画构成？,1^15画$2^17画$3^19画,20,2
268,31$30$29$28$27$26$25$24$23$22$21$20$19$18$17$16$15$14$13$12,“域”字由多少笔画构成？,1^9画$2^11画$3^12画,20,2
269,31$30$29$28$27$26$25$24$23$22$21$20$19$18$17$16$15$14$13$12,“拉萨”两个字共由多少笔画构成？,1^15画$2^19画$3^20画,20,2
270,31$30$29$28$27$26$25$24$23$22$21$20$19$18$17$16$15$14$13$12,人体缺少哪种元素会引起甲状腺肿大，俗称大脖子病？,1^钙$2^碘$3^锌,20,2
271,31$30$29$28$27$26$25$24$23$22$21$20$19$18$17$16$15$14$13$12,在电视剧《流星花园》中，言承旭、周渝民、吴建豪、朱孝天组成的组合名叫什么？,1^F4$2^H4$3^S4,20,1
272,31$30$29$28$27$26$25$24$23$22$21$20$19$18$17$16$15$14$13$12,十二生肖中排在羊后面的动物是什么？,1^龙$2^鸡$3^猴,20,3
273,31$30$29$28$27$26$25$24$23$22$21$20$19$18$17$16$15$14$13$12,围棋棋盘上一共有多少个交叉点？,1^108个$2^225个$3^361个,20,3
274,31$30$29$28$27$26$25$24$23$22$21$20$19$18$17$16$15$14$13$12,世界上最大的禽类蛋是现存的哪种动物的蛋？,1^鸡$2^鹅$3^鸵鸟,20,3
275,31$30$29$28$27$26$25$24$23$22$21$20$19$18$17$16$15$14$13$12,中国古代的足球运动在公元前300年就已盛行，当时这项运动叫什么？,1^蹴鞠$2^射门$3^竹篓,20,1
276,31$30$29$28$27$26$25$24$23$22$21$20$19$18$17$16$15$14$13$12,赵州桥位于我国哪个省？,1^湖南$2^河北$3^山西,20,2
277,31$30$29$28$27$26$25$24$23$22$21$20$19$18$17$16$15$14$13$12,许海峰获得了中国第一枚奥运金牌，他是在什么项目获得的？,1^跳水$2^游泳$3^射击,20,3
278,31$30$29$28$27$26$25$24$23$22$21$20$19$18$17$16$15$14$13$12,悬梁刺股的股是指人的哪个部位？,1^大腿$2^屁股$3^胳膊,20,1
279,31$30$29$28$27$26$25$24$23$22$21$20$19$18$17$16$15$14$13$12,中药里所说的“陈皮”是指？,1^老树皮$2^橘子皮$3^陈旧的书皮,20,2
280,31$30$29$28$27$26$25$24$23$22$21$20$19$18$17$16$15$14$13$12,“生命是一袭华美的袍，爬满了虱子”出自哪位作家？,1^张爱玲$2^鲁迅$3^冰心,20,1
281,31$30$29$28$27$26$25$24$23$22$21$20$19$18$17$16$15$14$13$12,橙子是橘子跟什么水果的杂交品种？,1^柠檬$2^苹果$3^柚子,20,3
282,31$30$29$28$27$26$25$24$23$22$21$20$19$18$17$16$15$14$13$12,各个国家的大使馆都在中国的哪座城市？,1^北京$2^上海$3^重庆,20,1
283,31$30$29$28$27$26$25$24$23$22$21$20$19$18$17$16$15$14$13$12,我们常说的托福考试是对哪种语言进行的测试？,1^英语$2^法语$3^日语,20,1
284,31$30$29$28$27$26$25$24$23$22$21$20$19$18$17$16$15$14$13$12,石锅拌饭是流行整个东亚的美食，它来源于哪个国家？,1^日本$2^韩国$3^泰国,20,2
285,31$30$29$28$27$26$25$24$23$22$21$20$19$18$17$16$15$14$13$12,依云水是水中的极品，来自哪个国家？,1^法国$2^中国$3^日本,20,1
286,31$30$29$28$27$26$25$24$23$22$21$20$19$18$17$16$15$14$13$12,西方的圣诞节前一天叫平安夜，平安夜是几月几号？,1^12.24$2^12.25$3^12.26,20,1
287,31$30$29$28$27$26$25$24$23$22$21$20$19$18$17$16$15$14$13$12,西方的万圣节，人们会用什么植物做成一盏灯？,1^冬瓜$2^南瓜$3^西瓜,20,2
288,31$30$29$28$27$26$25$24$23$22$21$20$19$18$17$16$15$14$13$12,是中国的一种传统食品，又是明星对于喜欢自己的人的统称叫什么？,1^粉丝$2^血豆腐$3^地瓜,20,1
289,31$30$29$28$27$26$25$24$23$22$21$20$19$18$17$16$15$14$13$12,用来鉴定亲子关系的脱氧核糖核酸的缩写是哪三个英文字母？,1^DNA$2^DNF$3^DNC,20,1
290,31$30$29$28$27$26$25$24$23$22$21$20$19$18$17$16$15$14$13$12,在巴西盛行，同时也是国际舞比赛项目之一的舞蹈是哪种？,1^桑巴$2^伦巴$3^恰恰,20,1
291,31$30$29$28$27$26$25$24$23$22$21$20$19$18$17$16$15$14$13$12,男女表演者随着音乐节奏的东张西望，被阿根廷人视为国粹的舞蹈是？,1^探戈$2^恰恰$3^牛仔,20,1
292,31$30$29$28$27$26$25$24$23$22$21$20$19$18$17$16$15$14$13$12,北京奥运会游泳比赛场馆叫什么？,1^鸟巢$2^水立方$3^立水桥,20,2
293,31$30$29$28$27$26$25$24$23$22$21$20$19$18$17$16$15$14$13$12,北京奥运会田径比赛场地叫什么？,1^鸟巢$2^炮坦塔$3^水立方,20,1
294,31$30$29$28$27$26$25$24$23$22$21$20$19$18$17$16$15$14$13$12,我们通常用哪俩个英文字母表示电台主持人？,1^FC$2^DJ$3^EA,20,2
295,31$30$29$28$27$26$25$24$23$22$21$20$19$18$17$16$15$14$13$12,英雄人物超人的衣服上面，胸口有一个字母是什么？,1^F$2^S$3^A,20,2
296,31$30$29$28$27$26$25$24$23$22$21$20$19$18$17$16$15$14$13$12,小时候常吃的果丹皮是用哪种水果做的？,1^山楂$2^荔枝$3^柠檬,20,1
297,31$30$29$28$27$26$25$24$23$22$21$20$19$18$17$16$15$14$13$12,星期日在日历上的英文缩写是哪三个英文字母？,1^Sun$2^FBI$3^CBD,20,1
298,31$30$29$28$27$26$25$24$23$22$21$20$19$18$17$16$15$14$13$12,为了维护个人隐私，银行会在营业柜台外多长距离设置排队等候线？,1^0.5米$2^1米$3^1.5米,20,2
299,31$30$29$28$27$26$25$24$23$22$21$20$19$18$17$16$15$14$13$12,洋快餐麦当劳的招牌是一个什么英文字母？,1^M$2^A$3^F,20,1
300,31$30$29$28$27$26$25$24$23$22$21$20$19$18$17$16$15$14$13$12,得到新浪微博官方认证的用户，会标记什么字母？,1^A$2^V$3^C,20,2
301,31$30$29$28$27$26$25$24$23$22$21$20$19$18$17$16$15$14$13$12,西方传统中，结婚时戒指应该戴在哪个指头？,1^无名指$2^中指$3^大拇指,20,1
302,31$30$29$28$27$26$25$24$23$22$21$20$19$18$17$16$15$14$13$12,周杰伦的专辑叶惠美中，叶惠美是周杰伦的什么人？,1^母亲$2^父亲$3^女朋友,20,1
303,31$30$29$28$27$26$25$24$23$22$21$20$19$18$17$16$15$14$13$12,一般通常所见的章鱼有多少只触角？,1^七只$2^八只$3^九只,20,2
304,31$30$29$28$27$26$25$24$23$22$21$20$19$18$17$16$15$14$13$12,95年TVB版的《神雕侠侣》当中，杨过的扮演者是谁？,1^古天乐$2^黄日华$3^吴启华,20,1
305,31$30$29$28$27$26$25$24$23$22$21$20$19$18$17$16$15$14$13$12,称为近代科学之父的是？,1^牛顿$2^伽利略$3^贝尔,20,2
306,31$30$29$28$27$26$25$24$23$22$21$20$19$18$17$16$15$14$13$12,我们时常用哪种水果来形容女生精致小巧的嘴？,1^荔枝$2^樱桃$3^毛丹,20,2
307,31$30$29$28$27$26$25$24$23$22$21$20$19$18$17$16$15$14$13$12,曾经是太阳系九大行星之一，如今被降级的是哪一个行星？,1^天王星$2^冥王星$3^水星,20,2
308,31$30$29$28$27$26$25$24$23$22$21$20$19$18$17$16$15$14$13$12,孔子是儒家学派的，那么老子是什么学派的？,1^道家$2^法家$3^墨家,20,1
309,31$30$29$28$27$26$25$24$23$22$21$20$19$18$17$16$15$14$13$12,第一次世界大战的始末时间是1914年到几几年？,1^1980$2^1981$3^1982,20,2
310,31$30$29$28$27$26$25$24$23$22$21$20$19$18$17$16$15$14$13$12,我国第一个实现特殊经济政策和管理体制的经济特区是哪个城市？,1^深圳$2^上海$3^北京,20,1
311,31$30$29$28$27$26$25$24$23$22$21$20$19$18$17$16$15$14$13$12,“成也萧何，败也萧何”说的是谁的经历？,1^韩信$2^刘邦$3^项羽,20,1
312,31$30$29$28$27$26$25$24$23$22$21$20$19$18$17$16$15$14$13$12,“成语草船借箭”中诸葛亮借的是哪国的箭？,1^蜀国$2^魏国$3^吴国,20,2
313,31$30$29$28$27$26$25$24$23$22$21$20$19$18$17$16$15$14$13$12,交通事故报警电话是多少？,1^119$2^122$3^123,20,2
314,31$30$29$28$27$26$25$24$23$22$21$20$19$18$17$16$15$14$13$12,我们常常用什么容器来形容“美丽却无内涵的女人”？,1^花朵$2^花瓣$3^花瓶,20,3
315,31$30$29$28$27$26$25$24$23$22$21$20$19$18$17$16$15$14$13$12,著名运动品牌阿迪达斯是哪个国家的运动品制造商？,1^德国$2^英国$3^法国,20,1
316,31$30$29$28$27$26$25$24$23$22$21$20$19$18$17$16$15$14$13$12,著名笑星，最常和郭达搭档演出小品的女演员是谁？,1^蔡明$2^宋丹丹$3^白雪,20,1
317,31$30$29$28$27$26$25$24$23$22$21$20$19$18$17$16$15$14$13$12,电影《导盲犬小Q》中，哪一种大型犬因性格温顺智商高而被训练的导盲犬？,1^金毛$2^松狮$3^拉布拉多,20,3
318,31$30$29$28$27$26$25$24$23$22$21$20$19$18$17$16$15$14$13$12,清朝皇帝的姓氏是什么？,1^爱新觉罗$2^准格尔$3^喀什米,20,1
319,31$30$29$28$27$26$25$24$23$22$21$20$19$18$17$16$15$14$13$12,“CET—4”是国家教育哪一个考试的简称？,1^英语四级$2^期末考试$3^英语八级,20,1
320,31$30$29$28$27$26$25$24$23$22$21$20$19$18$17$16$15$14$13$12,身体内哪种元素缺失容易导致抽筋？,1^钙$2^铁$3^锌,20,1
321,31$30$29$28$27$26$25$24$23$22$21$20$19$18$17$16$15$14$13$12,承德避暑山庄中的热河是哪项世界河流之最？,1^最浅$2^最热$3^最短,20,3
322,31$30$29$28$27$26$25$24$23$22$21$20$19$18$17$16$15$14$13$12,白炽灯用久了会发黑是因为什么蒸发了？,1^玻璃$2^钨$3^铜,20,1
323,31$30$29$28$27$26$25$24$23$22$21$20$19$18$17$16$15$14$13$12,我国清朝最长寿的皇帝是谁？,1^乾隆$2^溥仪$3^道光,20,1
324,31$30$29$28$27$26$25$24$23$22$21$20$19$18$17$16$15$14$13$12,中国四大佛教名山之一的峨眉山位于哪个省？,1^四川$2^安徽$3^河北,20,1
325,31$30$29$28$27$26$25$24$23$22$21$20$19$18$17$16$15$14$13$12,通常用哪两个字母来代表对外星人的称呼？,1^ET$2^AC$3^XP,20,1
326,31$30$29$28$27$26$25$24$23$22$21$20$19$18$17$16$15$14$13$12,传说中开天辟地的上古人物叫做什么？,1^盘古$2^女娲$3^夸父,20,1
327,31$30$29$28$27$26$25$24$23$22$21$20$19$18$17$16$15$14$13$12,因为四季如春而被称为“春城”的是我国哪个城市？,1^昆明$2^宁夏$3^杭州,20,1
328,31$30$29$28$27$26$25$24$23$22$21$20$19$18$17$16$15$14$13$12,被誉为香港第一代“玉女掌门人”与倪震结婚的女明星是谁？,1^王祖贤$2^张敏$3^周慧敏,20,3
329,31$30$29$28$27$26$25$24$23$22$21$20$19$18$17$16$15$14$13$12,我国首都北京市的电话区号，是哪三个数字？,1^012$2^021$3^010,20,3
330,31$30$29$28$27$26$25$24$23$22$21$20$19$18$17$16$15$14$13$12,世界上通常用来导航的全球卫星定位系统的英文简称是什么？,1^GPS$2^APC$3^GIF,20,1
331,31$30$29$28$27$26$25$24$23$22$21$20$19$18$17$16$15$14$13$12,眉毛的生长周期大约为？,1^一个月$2^两个月$3^三个月,20,2
332,31$30$29$28$27$26$25$24$23$22$21$20$19$18$17$16$15$14$13$12,世界水日是哪一天？,1^3月23$2^3月24$3^3月25,20,1
333,31$30$29$28$27$26$25$24$23$22$21$20$19$18$17$16$15$14$13$12,丝绸之路的开辟可追溯到？,1^西汉$2^东汉$3^春秋,20,1
334,31$30$29$28$27$26$25$24$23$22$21$20$19$18$17$16$15$14$13$12,世界上哪一种动物的寿命最长？,1^乌龟$2^鳄鱼$3^燕子,20,1
335,31$30$29$28$27$26$25$24$23$22$21$20$19$18$17$16$15$14$13$12,黄河流经于几个省？,1^8个$2^9个$3^10个,20,2
336,31$30$29$28$27$26$25$24$23$22$21$20$19$18$17$16$15$14$13$12,世界上第一例试管婴儿出身于？,1^1978年$2^1988年$3^1998年,20,1
337,31$30$29$28$27$26$25$24$23$22$21$20$19$18$17$16$15$14$13$12,世界上长颈鹿的脖子最长有？,1^5米$2^6米$3^7米,20,2
338,31$30$29$28$27$26$25$24$23$22$21$20$19$18$17$16$15$14$13$12,降雨pH小于5.6，这种雨水？,1^酸性$2^中性$3^碱性,20,1
339,31$30$29$28$27$26$25$24$23$22$21$20$19$18$17$16$15$14$13$12,“初唐四杰”中没有哪位？,1^王勃$2^骆宾王$3^杜甫,20,3
340,31$30$29$28$27$26$25$24$23$22$21$20$19$18$17$16$15$14$13$12,地球已经有多大年岁了？,1^30~40亿$2^50~60亿$3^70~80亿,20,2
341,31$30$29$28$27$26$25$24$23$22$21$20$19$18$17$16$15$14$13$12,除了黑芝麻外有白芝麻吗？,1^没有$2^有$3^有，但是是黄芝麻,20,2
342,31$30$29$28$27$26$25$24$23$22$21$20$19$18$17$16$15$14$13$12,世界上最大的宫殿是？,1^故宫$2^白宫$3^阿房宫,20,1
343,31$30$29$28$27$26$25$24$23$22$21$20$19$18$17$16$15$14$13$12,世界上最大的海是哪一个？,1^南海$2^黑海$3^黄海,20,1
344,31$30$29$28$27$26$25$24$23$22$21$20$19$18$17$16$15$14$13$12,世界上是被称为“教育王国”的哪一个国家？,1^中国$2^以色列$3^俄罗斯,20,2
345,31$30$29$28$27$26$25$24$23$22$21$20$19$18$17$16$15$14$13$12,储藏的粮食在无氧呼吸的情况下会产生？,1^水$2^毒气$3^酒精,20,3
346,31$30$29$28$27$26$25$24$23$22$21$20$19$18$17$16$15$14$13$12,“牛郎织女”的故事的故事是众口皆碑的神话传说，那你知道牛郎星是属于什么星座？,1^金牛座$2^天鹰座$3^大熊座,20,2
347,31$30$29$28$27$26$25$24$23$22$21$20$19$18$17$16$15$14$13$12,美丽奇特的“海市蜃楼”是光的折射产生的一种现象，它通常发生在什么时候？,1^春天$2^夏天$3^秋天,20,2
348,31$30$29$28$27$26$25$24$23$22$21$20$19$18$17$16$15$14$13$12,天气预报：“今天阴有小雨”你可知道小雨的降雨量为多少？,1^15毫米以下$2^20毫米以下$3^50毫米以下,20,1
349,31$30$29$28$27$26$25$24$23$22$21$20$19$18$17$16$15$14$13$12,唐代诗人有称“诗圣”的杜甫“诗仙”的李白等，你可知道被人颂称“诗魔”的是谁？,1^杜甫$2^白居易$3^李商隐,20,2
350,31$30$29$28$27$26$25$24$23$22$21$20$19$18$17$16$15$14$13$12,传统彩瓷“素三彩”之所以称“素”是因不用什么颜色？,1^红色$2^蓝色$3^金色,20,1
351,31$30$29$28$27$26$25$24$23$22$21$20$19$18$17$16$15$14$13$12,传说中的斑竹是怎样形成的？,1^舜的妃子的眼泪染成$2^雨水滴成$3^风化,20,1
352,31$30$29$28$27$26$25$24$23$22$21$20$19$18$17$16$15$14$13$12,“人有悲欢离合，月有阴晴圆缺”出自哪个时代作家的作品？,1^北宋$2^南宋$3^唐初,20,1
353,31$30$29$28$27$26$25$24$23$22$21$20$19$18$17$16$15$14$13$12,“但愿人长久，千里共婵娟”是哪位作家的作品？,1^苏洵$2^苏轼$3^李白,20,2
354,31$30$29$28$27$26$25$24$23$22$21$20$19$18$17$16$15$14$13$12,<<西游记>>中的火焰山是今天的？,1^吐鲁番盆地$2^大雁塔$3^青海,20,1
355,31$30$29$28$27$26$25$24$23$22$21$20$19$18$17$16$15$14$13$12,创立科举制度是在哪个朝代？,1^清朝$2^隋朝$3^唐朝,20,2
356,31$30$29$28$27$26$25$24$23$22$21$20$19$18$17$16$15$14$13$12,创作芭蕾舞剧“天鹅湖”的音乐家是？,1^柴可夫斯基$2^贝多芬$3^舒曼,20,1
357,31$30$29$28$27$26$25$24$23$22$21$20$19$18$17$16$15$14$13$12,吴敬梓是哪本名著的作者？,1^西游记$2^儒林外史$3^三枪拍案惊奇,20,2
358,31$30$29$28$27$26$25$24$23$22$21$20$19$18$17$16$15$14$13$12,创造出麻沸散的是谁？,1^李时珍$2^华佗$3^扁鹊,20,2
359,31$30$29$28$27$26$25$24$23$22$21$20$19$18$17$16$15$14$13$12,电子计算机发明于哪一年？,1^1946年$2^1947年$3^1948年,20,3
360,31$30$29$28$27$26$25$24$23$22$21$20$19$18$17$16$15$14$13$12,被称作“法国号”的乐器是？,1^小号$2^长号$3^圆号,20,3
361,31$30$29$28$27$26$25$24$23$22$21$20$19$18$17$16$15$14$13$12,一斤铁和一公斤棉花哪一个轻,1^铁$2^棉花$3^一样轻,20,1
362,31$30$29$28$27$26$25$24$23$22$21$20$19$18$17$16$15$14$13$12,黄酒名品“加饭酒”的产地在哪？,1^合肥$2^兰州$3^浙江,20,3
363,31$30$29$28$27$26$25$24$23$22$21$20$19$18$17$16$15$14$13$12,成都的市花是？,1^鸡冠花$2^白玉兰$3^芙蓉花,20,3
364,31$30$29$28$27$26$25$24$23$22$21$20$19$18$17$16$15$14$13$12,春秋时的齐国和鲁国，在现在的哪个省？,1^山东$2^安徽$3^浙江,20,1
365,31$30$29$28$27$26$25$24$23$22$21$20$19$18$17$16$15$14$13$12,以下是非银行的金融机构的是？,1^浦发银行$2^农村信用社$3^招商银行,20,2
366,31$30$29$28$27$26$25$24$23$22$21$20$19$18$17$16$15$14$13$12,“芭蕾舞”是从哪国传进的外来语？,1^法国$2^印度$3^英国,20,1
367,31$30$29$28$27$26$25$24$23$22$21$20$19$18$17$16$15$14$13$12,涮羊肉起源于？,1^宋朝$2^元朝$3^明朝,20,2
368,31$30$29$28$27$26$25$24$23$22$21$20$19$18$17$16$15$14$13$12,我国四大名砚之冠——端砚产自哪里？,1^广州$2^济南$3^蓬莱,20,1
369,31$30$29$28$27$26$25$24$23$22$21$20$19$18$17$16$15$14$13$12,中最先衰老的器官是？,1^胸腺$2^淋巴$3^心脏,20,1
370,31$30$29$28$27$26$25$24$23$22$21$20$19$18$17$16$15$14$13$12,每一个少数民族都有自己喜爱的颜色，生长在大草原的蒙古族喜爱？,1^黑色$2^白色$3^蓝色,20,2
371,31$30$29$28$27$26$25$24$23$22$21$20$19$18$17$16$15$14$13$12,“三过家门而不人”是哪一历史人物的故事？,1^尧$2^舜$3^禹,20,3
372,31$30$29$28$27$26$25$24$23$22$21$20$19$18$17$16$15$14$13$12,“双喜临门”是我国哪个省市的名字？？,1^重庆$2^安徽$3^天津,20,1
373,31$30$29$28$27$26$25$24$23$22$21$20$19$18$17$16$15$14$13$12,俗话说“在家靠父母”，出门靠什么？,1^金钱$2^名利$3^朋友,20,3
374,31$30$29$28$27$26$25$24$23$22$21$20$19$18$17$16$15$14$13$12,俗话说“不听老人言”，下一句是什么？,1^吃亏在眼前$2^吃亏在跟前$3^吃亏在人前,20,1
375,31$30$29$28$27$26$25$24$23$22$21$20$19$18$17$16$15$14$13$12,过桥米线是源于哪个省的著名美食？,1^四川$2^陕西$3^云南,20,3
376,31$30$29$28$27$26$25$24$23$22$21$20$19$18$17$16$15$14$13$12,以哪种动物为原型，其“招手”形象被视为招财招福的吉祥物？,1^猫$2^仓鼠$3^鹦鹉,20,1
377,31$30$29$28$27$26$25$24$23$22$21$20$19$18$17$16$15$14$13$12,传说哪种鱼类跳过龙门，就会变化成龙？,1^鲤鱼$2^鲫鱼$3^带鱼,20,1
378,31$30$29$28$27$26$25$24$23$22$21$20$19$18$17$16$15$14$13$12,“大不列颠及北爱尔兰联合王国”是哪个国家的全称？,1^英国$2^法国$3^爱尔兰,20,1
379,31$30$29$28$27$26$25$24$23$22$21$20$19$18$17$16$15$14$13$12,医学著作《本草纲目》是由哪位人物撰写的?,1^孙思邈$2^李时珍$3^扁鹊,20,2
380,31$30$29$28$27$26$25$24$23$22$21$20$19$18$17$16$15$14$13$12,我国内地的邮政编码通常是几位数？,1^5位$2^6位$3^7位,20,2
381,31$30$29$28$27$26$25$24$23$22$21$20$19$18$17$16$15$14$13$12,红白机游戏《泡泡龙》中，要几个相同颜色的球才能消掉？,1^两颗$2^三颗$3^四颗,20,2
382,31$30$29$28$27$26$25$24$23$22$21$20$19$18$17$16$15$14$13$12,《广陵散》根据《晋书嵇康传》讲的是什么故事？,1^聂政刺韩王$2^曹操刺董卓$3^荆轲刺秦王,20,1
383,31$30$29$28$27$26$25$24$23$22$21$20$19$18$17$16$15$14$13$12,奥运会水球比赛中，守门员戴的泳帽是什么颜色的？,1^蓝色$2^红色$3^粉色,20,2
384,31$30$29$28$27$26$25$24$23$22$21$20$19$18$17$16$15$14$13$12,“轻于鸿毛”中的“鸿毛”指哪种动物的毛？,1^大雁$2^鸭子$3^燕子,20,3
385,31$30$29$28$27$26$25$24$23$22$21$20$19$18$17$16$15$14$13$12,通心粉是哪个国家的名点？,1^意大利$2^爱尔兰$3^英国,20,1
386,31$30$29$28$27$26$25$24$23$22$21$20$19$18$17$16$15$14$13$12,黑龙江哪个城市被称为“冰城”“东方莫斯科”？,1^鹤岗$2^牡丹江$3^哈尔滨,20,3
387,31$30$29$28$27$26$25$24$23$22$21$20$19$18$17$16$15$14$13$12, 新春佳节，我们通常把哪个汉字倒着张贴寓意吉祥如意的好兆头？,1^福$2^喜$3^年,20,1
388,31$30$29$28$27$26$25$24$23$22$21$20$19$18$17$16$15$14$13$12,6岁开始巡回演出，被称为“音乐神童”的奥地利知名作曲家是？,1^莫扎特$2^贝多芬$3^聂耳,20,1
389,31$30$29$28$27$26$25$24$23$22$21$20$19$18$17$16$15$14$13$12,微软出品的个人聊天软件工具英文简称是什么？,1^MSN$2^OICQ$3^ICQ,20,1
390,31$30$29$28$27$26$25$24$23$22$21$20$19$18$17$16$15$14$13$12,法国国旗由哪三种颜色组成？,1^蓝白红$2^红绿蓝$3^白紫黑,20,1
391,31$30$29$28$27$26$25$24$23$22$21$20$19$18$17$16$15$14$13$12,微软出品的用来制作幻灯片的办公软件，英文简称是？,1^word$2^excel$3^PPT,20,3
392,31$30$29$28$27$26$25$24$23$22$21$20$19$18$17$16$15$14$13$12,中国移动综合信息服务平台“一按我帮您”是哪个号码？,1^12580$2^17951$3^12593,20,1
393,31$30$29$28$27$26$25$24$23$22$21$20$19$18$17$16$15$14$13$12,小说《杨门女将》中女将之一，也是杨宗保的妻子，她是谁？,1^穆桂英$2^杨排风$3^阿庆嫂,20,1
394,31$30$29$28$27$26$25$24$23$22$21$20$19$18$17$16$15$14$13$12,罗马数字中的“X”表示阿拉伯数字中的几？,1^10$2^11$3^12,20,1
395,31$30$29$28$27$26$25$24$23$22$21$20$19$18$17$16$15$14$13$12,广西壮族自治区简称是？,1^桂$2^蜀$3^黑,20,1
396,31$30$29$28$27$26$25$24$23$22$21$20$19$18$17$16$15$14$13$12,小时候的故事“铁杵磨成针”讲的是那位唐朝大诗人的故事？,1^李白$2^李商隐$3^杜甫,20,1
397,31$30$29$28$27$26$25$24$23$22$21$20$19$18$17$16$15$14$13$12,网络爱情小说的经典之作《第一次亲密接触》的作者是？,1^痞子蔡$2^痞子张$3^痞子刘,20,1
398,31$30$29$28$27$26$25$24$23$22$21$20$19$18$17$16$15$14$13$12,演唱过《看我七十二变》《舞娘》等歌曲的台湾女歌手是谁？？,1^蔡依林$2^蔡少芬$3^侯佩岑,20,1
399,31$30$29$28$27$26$25$24$23$22$21$20$19$18$17$16$15$14$13$12,运动型多用途越野车的英文简称是哪三个字母组成的？,1^SUV$2^SVU$3^SOO,20,1
400,31$30$29$28$27$26$25$24$23$22$21$20$19$18$17$16$15$14$13$12,SARS病毒主要侵入的是人体哪个器官？,1^肝$2^肺$3^大脑,20,2
401,31$30$29$28$27$26$25$24$23$22$21$20$19$18$17$16$15$14$13$12,小学语文课文中，达芬奇的绘画老师曾让他画什么东西画了一年？,1^鸡蛋$2^鹅蛋$3^鸭蛋,20,1
402,31$30$29$28$27$26$25$24$23$22$21$20$19$18$17$16$15$14$13$12,人参的主要产地在?,1^东北$2^西北$3^华北,20,1
403,31$30$29$28$27$26$25$24$23$22$21$20$19$18$17$16$15$14$13$12,1962年，中国电影第一届百花奖最佳女主角颁给了哪位女星？,1^周海媚$2^张曼玉$3^祝希鹃,20,3
404,31$30$29$28$27$26$25$24$23$22$21$20$19$18$17$16$15$14$13$12,下列哪个不是书画作品中的“四君子”？,1^梅$2^兰$3^草,20,3
405,31$30$29$28$27$26$25$24$23$22$21$20$19$18$17$16$15$14$13$12,“碧螺春”是一种什么茶？,1^红茶$2^绿茶$3^乌龙茶,20,2
406,31$30$29$28$27$26$25$24$23$22$21$20$19$18$17$16$15$14$13$12,“婴宁”是谁笔下的人物？,1^蒲松龄$2^鲁迅$3^冰心,20,1
407,31$30$29$28$27$26$25$24$23$22$21$20$19$18$17$16$15$14$13$12,能把太阳的七种颜色全部吸收的物体呈？,1^黑$2^白$3^绿,20,1
408,31$30$29$28$27$26$25$24$23$22$21$20$19$18$17$16$15$14$13$12,太阳金字塔坐落在哪里？,1^墨西哥$2^摩洛哥$3^利比亚,20,1
409,31$30$29$28$27$26$25$24$23$22$21$20$19$18$17$16$15$14$13$12,古书中男子手里常握有“三尺”请问它指什么？,1^枪$2^剑$3^环,20,2
410,31$30$29$28$27$26$25$24$23$22$21$20$19$18$17$16$15$14$13$12,成语“三人行，必有我师”、“敏而好学，不耻下问”出自哪里？,1^《论语》$2^《中庸》$3^《大学》,20,1
411,31$30$29$28$27$26$25$24$23$22$21$20$19$18$17$16$15$14$13$12, 最早进入青铜器时代的国家是？,1^中国$2^埃塞俄比亚$3^阿拉伯叙利亚,20,3
412,31$30$29$28$27$26$25$24$23$22$21$20$19$18$17$16$15$14$13$12,象脚鼓是哪个民族的打击乐器？,1^黎族$2^赫哲族$3^傣族,20,3
413,31$30$29$28$27$26$25$24$23$22$21$20$19$18$17$16$15$14$13$12,2000年1月1日，在我国实施的汽车安全碰撞法规是？,1^追尾$2^正面碰撞$3^侧翻,20,2
414,31$30$29$28$27$26$25$24$23$22$21$20$19$18$17$16$15$14$13$12,商业银行的同业拆借，期限最长不得超过多长时间？,1^三个月$2^四个月$3^五个月,20,2
415,31$30$29$28$27$26$25$24$23$22$21$20$19$18$17$16$15$14$13$12,“好来宝”是哪个民族的即兴诗？,1^蒙古族$2^壮族$3^羌族,20,1
416,31$30$29$28$27$26$25$24$23$22$21$20$19$18$17$16$15$14$13$12,唐代人可以称“父亲”为？,1^哥哥$2^爹$3^阿爸,20,1
417,31$30$29$28$27$26$25$24$23$22$21$20$19$18$17$16$15$14$13$12,2000年底，我国人口由占全球人口的1/4降到1/5左右，人口增长率明显低于？,1^落后国家$2^发达国家$3^发展中国家,20,3
418,31$30$29$28$27$26$25$24$23$22$21$20$19$18$17$16$15$14$13$12,蛔虫生活在人体内属于什么关系？,1^寄生$2^卵生$3^胎生,20,1
419,31$30$29$28$27$26$25$24$23$22$21$20$19$18$17$16$15$14$13$12,某人去年买一种股票，当年下跌了20%，今年应上涨百分之几，才能保持原值？,1^20%$2^25%$3^30%,20,1
420,31$30$29$28$27$26$25$24$23$22$21$20$19$18$17$16$15$14$13$12,昙花一般盛开在什么时候？,1^早上$2^中午$3^晚上,20,3
421,31$30$29$28$27$26$25$24$23$22$21$20$19$18$17$16$15$14$13$12,《奥赛罗》出自谁手？,1^莎士比亚$2^唐吉可德$3^米开朗琪罗,20,1
422,31$30$29$28$27$26$25$24$23$22$21$20$19$18$17$16$15$14$13$12,“六一居士”是指谁？,1^欧阳修$2^李白$3^元问好,20,1
423,31$30$29$28$27$26$25$24$23$22$21$20$19$18$17$16$15$14$13$12,谁是“中山装”的创始人？,1^孙中山$2^阿诗玛$3^蒋介石,20,1
424,31$30$29$28$27$26$25$24$23$22$21$20$19$18$17$16$15$14$13$12,2002年世界杯足球赛共有多少支参赛球队？,1^16支$2^32支$3^45支,20,2
425,31$30$29$28$27$26$25$24$23$22$21$20$19$18$17$16$15$14$13$12,2010年世博会的举办地点将于何时确定？,1^1985年$2^1992年$3^2002年,20,3
426,31$30$29$28$27$26$25$24$23$22$21$20$19$18$17$16$15$14$13$12,2002年2月26日是法国作家雨果诞辰多少周年纪念日？,1^100周年$2^150周年$3^200周年,20,3
427,31$30$29$28$27$26$25$24$23$22$21$20$19$18$17$16$15$14$13$12,20公里以上的竞走比赛，一般每隔多少公里设置饮食供给站？,1^5公里$2^10公里$3^15公里,20,1
428,31$30$29$28$27$26$25$24$23$22$21$20$19$18$17$16$15$14$13$12,“降低对天气和气候极端时间的脆弱性”是世界气象日的主题,1^1992年$2^2002年$3^2012年,20,2
429,31$30$29$28$27$26$25$24$23$22$21$20$19$18$17$16$15$14$13$12,20世纪初，谁提出了“小太阳系原子模型”？,1^卢福瑟$2^克林顿$3^达芬奇,20,1
430,31$30$29$28$27$26$25$24$23$22$21$20$19$18$17$16$15$14$13$12,“七月流火”指天气？,1^转凉$2^变热$3^昼夜颠倒,20,1
431,31$30$29$28$27$26$25$24$23$22$21$20$19$18$17$16$15$14$13$12,花椒的果实长在哪里的？,1^树根$2^树上$3^树心,20,2
432,31$30$29$28$27$26$25$24$23$22$21$20$19$18$17$16$15$14$13$12,澳门特区的区旗是什么颜色？,1^黄色$2^蓝色$3^绿色,20,3
433,31$30$29$28$27$26$25$24$23$22$21$20$19$18$17$16$15$14$13$12,中国人民银行发行的“迎接新世纪”纪念币面值是？,1^1元$2^5元$3^10元,20,3
434,31$30$29$28$27$26$25$24$23$22$21$20$19$18$17$16$15$14$13$12,6岁的小明用石头把人打伤，谁来承担责任？?,1^小明的父母$2^小明$3^被打伤的人,20,1
435,31$30$29$28$27$26$25$24$23$22$21$20$19$18$17$16$15$14$13$12,人们在收拾鱼身时涂下列哪种东西可防滑?,1^醋$2^盐$3^糖,20,1
436,31$30$29$28$27$26$25$24$23$22$21$20$19$18$17$16$15$14$13$12,88岁有个俗称，请问是什么？,1^寿司$2^米寿$3^福寿,20,2
437,31$30$29$28$27$26$25$24$23$22$21$20$19$18$17$16$15$14$13$12,人的泪水里的咸味是从哪里来的？,1^血液中$2^内脏中$3^大脑中,20,1
438,31$30$29$28$27$26$25$24$23$22$21$20$19$18$17$16$15$14$13$12,80年发行的人民币二角背面的图案是？,1^毛主席头像$2^国旗$3^国徽,20,3
439,31$30$29$28$27$26$25$24$23$22$21$20$19$18$17$16$15$14$13$12,澳门自古以来就是中国领土，最早正式纳入中国版图的是在?,1^秦朝$2^宋朝$3^清朝,20,1
440,31$30$29$28$27$26$25$24$23$22$21$20$19$18$17$16$15$14$13$12,《义勇军进行曲》是哪部电影的主题歌？,1^《风云儿女》$2^《地雷战》$3^《地道战》,20,1
441,31$30$29$28$27$26$25$24$23$22$21$20$19$18$17$16$15$14$13$12,天气预报中常提到高气压中心，在该中心附近一般都是什么天气？,1^晴朗天气$2^雾霾天气$3^暴雨天气,20,1
442,31$30$29$28$27$26$25$24$23$22$21$20$19$18$17$16$15$14$13$12,“国色天香”最初形容的是？,1^菊花$2^洛神花$3^牡丹花,20,3
443,31$30$29$28$27$26$25$24$23$22$21$20$19$18$17$16$15$14$13$12,《一千零一夜》又名《天方夜谭》，这里的“天方”是指？,1^古阿拉伯$2^古印度$3^古埃及,20,1
444,31$30$29$28$27$26$25$24$23$22$21$20$19$18$17$16$15$14$13$12,普通的小学生、中专生和大学生，谁享受到的国家教育经费最多？,1^小学生$2^中学生$3^大学生,20,3
445,31$30$29$28$27$26$25$24$23$22$21$20$19$18$17$16$15$14$13$12,喝白酒时，以下什么方式最好?,1^冰镇着喝$2^常温着喝$3^加热着喝,20,3
446,31$30$29$28$27$26$25$24$23$22$21$20$19$18$17$16$15$14$13$12,HIV病毒是由什么构成的？,1^RNA$2^DNA$3^ANN,20,1
447,31$30$29$28$27$26$25$24$23$22$21$20$19$18$17$16$15$14$13$12,IMF是什么国际组织的简称？,1^世界贸易组织$2^国际货币基金组织$3^国际奥委会,20,2
448,31$30$29$28$27$26$25$24$23$22$21$20$19$18$17$16$15$14$13$12,为了表演的需要，芭蕾鞋的鞋尖内塞有一小块?,1^海绵$2^木头$3^塑胶,20,2
449,31$30$29$28$27$26$25$24$23$22$21$20$19$18$17$16$15$14$13$12,国际女子羽毛球团体比赛的奖杯叫？,1^大力神杯$2^尤伯杯$3^热乃杯,20,1
450,31$30$29$28$27$26$25$24$23$22$21$20$19$18$17$16$15$14$13$12,Internet的中文名称是？,1^因特网$2^土豆网$3^央视网,20,1
451,31$30$29$28$27$26$25$24$23$22$21$20$19$18$17$16$15$14$13$12,Internet（因特网）最初的作用是？,1^教育$2^运输$3^军事,20,3
452,31$30$29$28$27$26$25$24$23$22$21$20$19$18$17$16$15$14$13$12,《阿里山的姑娘》是哪个少数民族的家人？,1^高山族$2^苗族$3^回族,20,1
453,31$30$29$28$27$26$25$24$23$22$21$20$19$18$17$16$15$14$13$12,在商店里一双皮鞋的价格是298元，而不是300元，请问商店根据什么这样定价？,1^市场$2^心理$3^感觉,20,2
454,31$30$29$28$27$26$25$24$23$22$21$20$19$18$17$16$15$14$13$12,国际上用“K”表示含金量，18K表示含金量为？,1^50%$2^70%$3^75%,20,3
455,31$30$29$28$27$26$25$24$23$22$21$20$19$18$17$16$15$14$13$12,WNBA代表什么？,1^美国职业女子篮球联盟$2^我牛吧$3^飞翔的蜗牛,20,1
456,31$30$29$28$27$26$25$24$23$22$21$20$19$18$17$16$15$14$13$12,UFO的具体含义是？,1^联合政府$2^不明飞行物$3^联盟,20,2
457,31$30$29$28$27$26$25$24$23$22$21$20$19$18$17$16$15$14$13$12,WAP是指？,1^无线应用技术$2^飞机$3^软解解决方案,20,1
458,31$30$29$28$27$26$25$24$23$22$21$20$19$18$17$16$15$14$13$12,WTO是哪个组织的称呼？,1^女子职业网球$2^职业拳王争霸赛$3^世界贸易组织,20,3
459,31$30$29$28$27$26$25$24$23$22$21$20$19$18$17$16$15$14$13$12,α射线是什么流？,1^氦原子$2^氢原子$3^钠原子,20,1
460,31$30$29$28$27$26$25$24$23$22$21$20$19$18$17$16$15$14$13$12,《水浒传》中绰号“一枝花”的是？,1^蔡襄$2^蔡庆$3^蔡琰,20,2
461,31$30$29$28$27$26$25$24$23$22$21$20$19$18$17$16$15$14$13$12,《奥德赛》的主人公是？,1^俄帝神$2^俄底修斯$3^俄底天,20,2
462,31$30$29$28$27$26$25$24$23$22$21$20$19$18$17$16$15$14$13$12,《水浒传》中绰号“神行太保”的是？,1^戴宗$2^李逵$3^卢俊义,20,1
463,31$30$29$28$27$26$25$24$23$22$21$20$19$18$17$16$15$14$13$12,2001年北京主办的世界大运会是第几届？,1^21$2^22$3^23,20,2
464,31$30$29$28$27$26$25$24$23$22$21$20$19$18$17$16$15$14$13$12,《王子复仇记》出自谁手？,1^萧伯纳$2^莫里哀$3^莎士比亚,20,3
465,31$30$29$28$27$26$25$24$23$22$21$20$19$18$17$16$15$14$13$12,《白雪公主》的作者是谁？,1^安徒生$2^格林兄弟$3^夏尔佩罗,20,2
466,31$30$29$28$27$26$25$24$23$22$21$20$19$18$17$16$15$14$13$12,《悲惨世界》的主人公冉阿让因为偷了什么东西而服了19年的苦役？,1^一片面包$2^一个古董$3^一袋面,20,1
467,31$30$29$28$27$26$25$24$23$22$21$20$19$18$17$16$15$14$13$12,《西游记》的作者是？,1^吴承恩$2^李时珍$3^张仲景,20,1
468,31$30$29$28$27$26$25$24$23$22$21$20$19$18$17$16$15$14$13$12,《保护工业产权巴黎公约》对我国生效的时间是？,1^1895年$2^1958年$3^1985年,20,3
469,31$30$29$28$27$26$25$24$23$22$21$20$19$18$17$16$15$14$13$12,《悲惨世界》中的人物是？,1^沙微$2^埃尔南$3^查尔顿,20,1
470,31$30$29$28$27$26$25$24$23$22$21$20$19$18$17$16$15$14$13$12,《毕业歌》是哪部电影的主题歌？,1^《断背山》$2^《桃李劫》$3^《倩女幽魂》,20,2
471,31$30$29$28$27$26$25$24$23$22$21$20$19$18$17$16$15$14$13$12,《楚辞》中有“兰膏照烛”一句。这里点灯用的“膏”是一种？,1^动物油$2^菜籽油$3^花生油,20,1
472,31$30$29$28$27$26$25$24$23$22$21$20$19$18$17$16$15$14$13$12,《第九交响曲》即《合唱交响曲》的作者是？,1^贝多芬$2^米开朗琪罗$3^莫扎特,20,1
473,31$30$29$28$27$26$25$24$23$22$21$20$19$18$17$16$15$14$13$12,《电影管理条例》是由哪个部门制订的？,1^文化部$2^国务院$3^影视公司,20,2
474,31$30$29$28$27$26$25$24$23$22$21$20$19$18$17$16$15$14$13$12,《春秋》是按什么记事的？,1^天$2^年$3^时辰,20,2
475,31$30$29$28$27$26$25$24$23$22$21$20$19$18$17$16$15$14$13$12,《第五交响曲》即《命运交响曲》的作者是？,1^聂耳$2^贝多芬$3^肖邦,20,2
476,31$30$29$28$27$26$25$24$23$22$21$20$19$18$17$16$15$14$13$12,《繁星》、《春水》是谁的作品？,1^鲁迅$2^冰心$3^矛盾,20,2
477,31$30$29$28$27$26$25$24$23$22$21$20$19$18$17$16$15$14$13$12,《福尔摩斯探案集》里的“苏格兰场”在？,1^俄罗斯$2^英国$3^德国,20,2
478,31$30$29$28$27$26$25$24$23$22$21$20$19$18$17$16$15$14$13$12,《钢铁是怎样炼成的》作者是谁？,1^保尔柯察金$2^柴可夫斯基$3^奥斯特洛夫斯基基,20,3
479,31$30$29$28$27$26$25$24$23$22$21$20$19$18$17$16$15$14$13$12,《格萨尔王》史诗是我国哪个民族的优秀作品？,1^赫哲族$2^羌族$3^藏族,20,3
480,31$30$29$28$27$26$25$24$23$22$21$20$19$18$17$16$15$14$13$12,《嘎达梅林》是哪个民族的叙事歌曲？,1^白族$2^蒙古族$3^回族,20,1
481,31$30$29$28$27$26$25$24$23$22$21$20$19$18$17$16$15$14$13$12,地球上出现的四季更替是由于？,1^地球自转$2^地球公转$3^太阳自转,20,2
482,31$30$29$28$27$26$25$24$23$22$21$20$19$18$17$16$15$14$13$12,《格萨尔王》是哪个民族的长篇叙事诗？,1^藏族$2^维吾尔族$3^彝族,20,3
483,31$30$29$28$27$26$25$24$23$22$21$20$19$18$17$16$15$14$13$12,《公安部通辑令》分为几个等级？,1^1个$2^2个$3^3个,20,2
484,31$30$29$28$27$26$25$24$23$22$21$20$19$18$17$16$15$14$13$12,“冰激凌”是从哪国传进的外来语？,1^南斯拉夫$2^英国$3^埃尔南,20,2
485,31$30$29$28$27$26$25$24$23$22$21$20$19$18$17$16$15$14$13$12,羊肉泡馍是我国哪一城市的风味食品？,1^青岛$2^北京$3^西安,20,3
486,31$30$29$28$27$26$25$24$23$22$21$20$19$18$17$16$15$14$13$12,《关于开展全民义务植树运动的实施办法》中规定几岁以上的公民每人每年植树3—5棵？,1^11岁$2^12岁$3^25岁,20,1
487,31$30$29$28$27$26$25$24$23$22$21$20$19$18$17$16$15$14$13$12,《黄河大合唱》的作曲者是？,1^莫扎特$2^朗朗$3^冼星海,20,2
488,31$30$29$28$27$26$25$24$23$22$21$20$19$18$17$16$15$14$13$12,《镜花缘》的作者是？,1^李英爱$2^李自成$3^李汝珍,20,3
489,31$30$29$28$27$26$25$24$23$22$21$20$19$18$17$16$15$14$13$12,一般而言，将戒指戴在中指上表示？,1^结婚$2^恋爱$3^独身,20,2
490,31$30$29$28$27$26$25$24$23$22$21$20$19$18$17$16$15$14$13$12,《老人河》是哪国歌曲？,1^雅典$2^瑞士$3^美国,20,2
491,31$30$29$28$27$26$25$24$23$22$21$20$19$18$17$16$15$14$13$12,《老人与海》的作者是？,1^海明威$2^海子$3^张靓颖,20,1
492,31$30$29$28$27$26$25$24$23$22$21$20$19$18$17$16$15$14$13$12,《康定情歌》是我国哪个省区的民歌？,1^天津$2^四川$3^吉林,20,2
493,31$30$29$28$27$26$25$24$23$22$21$20$19$18$17$16$15$14$13$12,中国最早的文言志怪小说是？,1^《山海经》$2^《搜神记》$3^《聊斋》,20,3
494,31$30$29$28$27$26$25$24$23$22$21$20$19$18$17$16$15$14$13$12,中国最早的叙事诗是？,1^《孔雀东南飞》$2^《蒹葭》$3^《长恨歌》,20,1
495,31$30$29$28$27$26$25$24$23$22$21$20$19$18$17$16$15$14$13$12,现代汉语有几大方言？,1^5种$2^7种$3^10种,20,2
496,31$30$29$28$27$26$25$24$23$22$21$20$19$18$17$16$15$14$13$12,《霓裳羽衣》是我国哪个朝代的宫廷乐舞？,1^西汉$2^宋朝$3^唐朝,20,3
497,31$30$29$28$27$26$25$24$23$22$21$20$19$18$17$16$15$14$13$12,《强制戒毒办法》规定，强制戒毒期限为多长时间？,1^1-2天$2^5-6年$3^3-6个月,20,3
498,31$30$29$28$27$26$25$24$23$22$21$20$19$18$17$16$15$14$13$12,祖冲之的《缀术》在什么时候被定为学校的课本？,1^明朝$2^宋朝$3^唐朝,20,3
499,31$30$29$28$27$26$25$24$23$22$21$20$19$18$17$16$15$14$13$12,《千家诗》收录的是哪个时期的诗歌？,1^西汉$2^唐宋$3^明清,20,2
500,31$30$29$28$27$26$25$24$23$22$21$20$19$18$17$16$15$14$13$12,“知天命”代指什么年纪 ？,1^30岁$2^40岁$3^50岁,20,3
501,31$30$29$28$27$26$25$24$23$22$21$20$19$18$17$16$15$14$13$12,夏威夷在地理位置上属于哪个洲？,1^大洋洲$2^南极洲$3^欧洲,20,1
502,31$30$29$28$27$26$25$24$23$22$21$20$19$18$17$16$15$14$13$12,古代欧洲文明发源于？,1^爱琴$2^雅典$3^希腊,20,1
503,31$30$29$28$27$26$25$24$23$22$21$20$19$18$17$16$15$14$13$12,“春蚕到死丝方尽”的下一句是什么,1^蜡炬成灰泪始干$2^忽如一夜春风来$3^千朵万朵压枝低,20,1
504,31$30$29$28$27$26$25$24$23$22$21$20$19$18$17$16$15$14$13$12,“甲骨文”发现于？,1^宋代$2^明代$3^清代,20,3
505,31$30$29$28$27$26$25$24$23$22$21$20$19$18$17$16$15$14$13$12,《人间喜剧》的作者是谁？,1^莫泊桑$2^巴尔扎克$3^契科夫,20,2
506,31$30$29$28$27$26$25$24$23$22$21$20$19$18$17$16$15$14$13$12,《森林法实施细则》规定，全国森林覆盖率的奋斗目标为？,1^30%$2^70%$3^5%,20,1
507,31$30$29$28$27$26$25$24$23$22$21$20$19$18$17$16$15$14$13$12,《神仙传》的作者是？,1^王充$2^白居易$3^葛洪,20,3
508,31$30$29$28$27$26$25$24$23$22$21$20$19$18$17$16$15$14$13$12,《史记》的作者司马迁是哪个朝代的人？,1^西汉$2^春秋$3^北宋,20,1
509,31$30$29$28$27$26$25$24$23$22$21$20$19$18$17$16$15$14$13$12,蒙古族最具代表性的乐器是？,1^马头琴$2^大提琴$3^二胡,20,1
510,31$30$29$28$27$26$25$24$23$22$21$20$19$18$17$16$15$14$13$12,被称为“乐圣”的外国音乐家为？,1^莫泊桑$2^贝多芬$3^莫扎特,20,2
511,31$30$29$28$27$26$25$24$23$22$21$20$19$18$17$16$15$14$13$12,《史记》是什么类型的历史著作？,1^纪传体通史$2^编年体通史$3^纪事本末体通史,20,1
512,31$30$29$28$27$26$25$24$23$22$21$20$19$18$17$16$15$14$13$12,《世说新语》是南朝宋刘义庆编著的什么类型的文学著作？,1^笔记小说集$2^怪神$3^风水,20,1
513,31$30$29$28$27$26$25$24$23$22$21$20$19$18$17$16$15$14$13$12,《水经注》的作者是谁？,1^郦道元$2^张三$3^侯仁之,20,2
514,31$30$29$28$27$26$25$24$23$22$21$20$19$18$17$16$15$14$13$12,我国最早建立的南极科学考察站是?,1^长城站$2^中国站$3^北京站,20,1
515,31$30$29$28$27$26$25$24$23$22$21$20$19$18$17$16$15$14$13$12,诸葛亮的办公地点，武侯祠在什么地方？,1^成都$2^合肥$3^锦州,20,1
516,31$30$29$28$27$26$25$24$23$22$21$20$19$18$17$16$15$14$13$12,《水浒传》中绰号“玉麒麟”的是谁？,1^卢俊义$2^史进$3^花容,20,1
517,31$30$29$28$27$26$25$24$23$22$21$20$19$18$17$16$15$14$13$12,《水浒传》中人称“及时雨”的是谁？,1^宋江$2^孙二娘$3^张青,20,1
518,31$30$29$28$27$26$25$24$23$22$21$20$19$18$17$16$15$14$13$12,《思想者》是谁的雕塑作品？,1^但丁$2^罗丹$3^米开朗基罗,20,2
519,31$30$29$28$27$26$25$24$23$22$21$20$19$18$17$16$15$14$13$12,有“黑金”美誉的燃料是？,1^石油$2^汽油$3^天然气,20,1
520,31$30$29$28$27$26$25$24$23$22$21$20$19$18$17$16$15$14$13$12,马铃薯的薯块是?,1^径$2^根$3^芽,20,1
521,31$30$29$28$27$26$25$24$23$22$21$20$19$18$17$16$15$14$13$12,《孙子兵法》共有多少篇？,1^13篇$2^36篇$3^21篇,20,1
522,31$30$29$28$27$26$25$24$23$22$21$20$19$18$17$16$15$14$13$12,《四库全书》的总撰官是谁？,1^纪昀$2^和珅$3^陆费墀,20,1
523,31$30$29$28$27$26$25$24$23$22$21$20$19$18$17$16$15$14$13$12,《孙子兵法》的作者是谁？,1^孙旺$2^孙武$3^孙尚香,20,2
524,31$30$29$28$27$26$25$24$23$22$21$20$19$18$17$16$15$14$13$12,《藤王阁序》的作者是谁？,1^王安石$2^王勃$3^卢照邻,20,2
525,31$30$29$28$27$26$25$24$23$22$21$20$19$18$17$16$15$14$13$12,《天方夜谭》用“谭”字而不用“谈”字，原因是什么？,1^潭水$2^沼泽$3^古文的避禁,20,3
526,31$30$29$28$27$26$25$24$23$22$21$20$19$18$17$16$15$14$13$12,《天演论》是我国近代哪位著名的思想家翻译的？,1^谭嗣同$2^严复$3^康有为,20,2
527,31$30$29$28$27$26$25$24$23$22$21$20$19$18$17$16$15$14$13$12,《窦娥冤》的作者是谁？,1^关汉卿$2^白朴$3^王实甫,20,1
528,31$30$29$28$27$26$25$24$23$22$21$20$19$18$17$16$15$14$13$12,《天龙八部》中的乔峰，身世埋在雁门关下。雁门关在那个省？,1^河南$2^陕西$3^山西,20,3
529,31$30$29$28$27$26$25$24$23$22$21$20$19$18$17$16$15$14$13$12,《未成年人保护法》规定，除国家另有规定的除外，任何组织和个人不得招用未满多少周岁的未成年人？,1^15岁$2^16岁$3^17岁,20,2
530,31$30$29$28$27$26$25$24$23$22$21$20$19$18$17$16$15$14$13$12,《西游记》中的火焰山位于哪个省？,1^西藏$2^新疆$3^内蒙古,20,2
531,31$30$29$28$27$26$25$24$23$22$21$20$19$18$17$16$15$14$13$12,《掀起你的盖头来》是哪个民族的民歌？,1^朝鲜族$2^傣族$3^维吾尔族,20,3
532,31$30$29$28$27$26$25$24$23$22$21$20$19$18$17$16$15$14$13$12,一年有几个节气？,1^12$2^24$3^36,20,2
533,31$30$29$28$27$26$25$24$23$22$21$20$19$18$17$16$15$14$13$12,小鸡是由鸡蛋的哪里发育过来的？,1^蛋壳$2^蛋白$3^蛋黄,20,3
534,31$30$29$28$27$26$25$24$23$22$21$20$19$18$17$16$15$14$13$12,《乡愁》是谁的诗作？,1^三毛$2^张爱玲$3^余光中,20,3
535,31$30$29$28$27$26$25$24$23$22$21$20$19$18$17$16$15$14$13$12,白鳍豚用什么呼吸？,1^腮$2^肺$3^表皮,20,2
536,31$30$29$28$27$26$25$24$23$22$21$20$19$18$17$16$15$14$13$12,《新闻联播》原来的名字叫什么？,1^全国电视台新闻联播$2^中国重大事件$3^中国大事纪要,20,1
537,31$30$29$28$27$26$25$24$23$22$21$20$19$18$17$16$15$14$13$12,我国最大的内陆咸水湖是？,1^镜泊湖$2^青海湖$3^玄武湖,20,2
538,31$30$29$28$27$26$25$24$23$22$21$20$19$18$17$16$15$14$13$12,《阳关三叠》是什么时候的琴曲？,1^清朝$2^隋唐$3^宋代,20,2
539,31$30$29$28$27$26$25$24$23$22$21$20$19$18$17$16$15$14$13$12,古诗云：洞庭天下水，岳阳天下楼。岳阳楼在哪座湖上？,1^洞庭湖$2^鄱阳湖$3^岳阳湖,20,2
540,31$30$29$28$27$26$25$24$23$22$21$20$19$18$17$16$15$14$13$12,牛、马的年轮长在？,1^臀部$2^舌头上$3^牙齿上,20,3
541,31$30$29$28$27$26$25$24$23$22$21$20$19$18$17$16$15$14$13$12,急性扭伤后应立即？,1^热敷$2^冷敷$3^绑紧,20,2
542,31$30$29$28$27$26$25$24$23$22$21$20$19$18$17$16$15$14$13$12,苍蝇飞落在某处就匆忙搓脚，它是在？,1^洗手$2^品尝食物$3^呼叫同伴,20,2
543,31$30$29$28$27$26$25$24$23$22$21$20$19$18$17$16$15$14$13$12,中国大家庭中人口最多的少数民族是？,1^壮族$2^回族$3^满族,20,1
544,31$30$29$28$27$26$25$24$23$22$21$20$19$18$17$16$15$14$13$12,《掷铁饼者》是什么时期的雕塑作品？,1^古希腊$2^爱琴文明$3^青铜时代,20,1
545,31$30$29$28$27$26$25$24$23$22$21$20$19$18$17$16$15$14$13$12,《中华人民共和国教育法》开始施行于何时？,1^1991年$2^1992年$3^1995年,20,3
546,31$30$29$28$27$26$25$24$23$22$21$20$19$18$17$16$15$14$13$12,《中国电脑教育报》创刊于哪一年？,1^1983年$2^1993年$3^2003年,20,2
547,31$30$29$28$27$26$25$24$23$22$21$20$19$18$17$16$15$14$13$12,《中华人民共和国收养法》开始施行于哪一年？,1^1990年$2^1984年$3^1999年,20,3
548,31$30$29$28$27$26$25$24$23$22$21$20$19$18$17$16$15$14$13$12,《中华人民共和国证券法》从何时起开始实行的？,1^1997年$2^1998年$3^1999年,20,3
549,31$30$29$28$27$26$25$24$23$22$21$20$19$18$17$16$15$14$13$12,《资政新篇》是哪一时期的纲领性文件？,1^黄巾之乱$2^太平天国$3^南宋,20,2
550,31$30$29$28$27$26$25$24$23$22$21$20$19$18$17$16$15$14$13$12,“?”是一种货币符号 请问它代表以下哪种货币？,1^欧元$2^美元$3^英镑,20,3
551,31$30$29$28$27$26$25$24$23$22$21$20$19$18$17$16$15$14$13$12,医学上将儿童1～3岁的阶段称为？,1^青春期$2^稚龄期$3^老年期,20,2
552,31$30$29$28$27$26$25$24$23$22$21$20$19$18$17$16$15$14$13$12,医学上将智商在30～49分的儿童称为？,1^低度弱智$2^中度弱智$3^高度弱智,20,2
553,31$30$29$28$27$26$25$24$23$22$21$20$19$18$17$16$15$14$13$12,医学上将智商在多少分以下者称为弱智？?,1^40分$2^60分$3^70分,20,3
554,31$30$29$28$27$26$25$24$23$22$21$20$19$18$17$16$15$14$13$12,世界卫生组织的英文缩写是？,1^HEG$2^WTO$3^FUC,20,2
555,31$30$29$28$27$26$25$24$23$22$21$20$19$18$17$16$15$14$13$12,医学中的“脑积水”和“脑水肿”是一回事吗？,1^不是$2^是$3^叫法不一样,20,1
556,31$30$29$28$27$26$25$24$23$22$21$20$19$18$17$16$15$14$13$12,我国著名的六朝古都是？,1^天津$2^南京$3^北京,20,2
557,31$30$29$28$27$26$25$24$23$22$21$20$19$18$17$16$15$14$13$12,在西方，中世纪的新年是？,1^四月一日$2^五月一日$3^六月一日,20,1
558,31$30$29$28$27$26$25$24$23$22$21$20$19$18$17$16$15$14$13$12,英国伦敦“大本钟”的名字是来自？,1^人名$2^地区名$3^国家名,20,1
559,31$30$29$28$27$26$25$24$23$22$21$20$19$18$17$16$15$14$13$12,依照西方习俗，订婚戒指戴在左手哪根手指上？,1^大拇指$2^无名指$3^小指,20,2
560,31$30$29$28$27$26$25$24$23$22$21$20$19$18$17$16$15$14$13$12,我国古代对银子的称呼中，含银量高的是？,1^纹银$2^银锭子$3^碎银,20,1
561,31$30$29$28$27$26$25$24$23$22$21$20$19$18$17$16$15$14$13$12,移动通信设备与Internet相连接的应用协议是？,1^WAP$2^WEB$3^SNS,20,3
562,31$30$29$28$27$26$25$24$23$22$21$20$19$18$17$16$15$14$13$12,“大夫”在我国古代是指？,1^官职$2^人名$3^妻子,20,1
563,31$30$29$28$27$26$25$24$23$22$21$20$19$18$17$16$15$14$13$12,遗产继承的第一顺序是？,1^配偶$2^兄弟姐妹$3^叔侄,20,1
564,31$30$29$28$27$26$25$24$23$22$21$20$19$18$17$16$15$14$13$12,在《诗经》的主要表现手法中，“兴”是指？,1^比喻$2^拟人$3^联想,20,3
565,31$30$29$28$27$26$25$24$23$22$21$20$19$18$17$16$15$14$13$12,世界上最长的山脉是？,1^摩洛哥山脉$2^安第斯山$3^阿尔卑斯山,20,1
566,31$30$29$28$27$26$25$24$23$22$21$20$19$18$17$16$15$14$13$12,胰岛素是一种什么物质？,1^塑料$2^蛋白质$3^氨基酸,20,2
567,31$30$29$28$27$26$25$24$23$22$21$20$19$18$17$16$15$14$13$12,符号“&”的中文意思是？,1^和$2^包括$3^的,20,1
568,31$30$29$28$27$26$25$24$23$22$21$20$19$18$17$16$15$14$13$12,我国西晋的第一代皇帝名叫？,1^司马炎$2^司马懿$3^司马无情,20,1
569,31$30$29$28$27$26$25$24$23$22$21$20$19$18$17$16$15$14$13$12,已发现的绕太阳运行的彗星大约有多少个？,1^20个$2^1600个$3^1万个,20,2
570,31$30$29$28$27$26$25$24$23$22$21$20$19$18$17$16$15$14$13$12,“已知天定三分鼎，犹竭人谋六出师”描写的是哪个历史人物？,1^庞统$2^郭嘉$3^诸葛亮,20,3
571,31$30$29$28$27$26$25$24$23$22$21$20$19$18$17$16$15$14$13$12,美国心理学家、行为学家马斯洛把人的需要分为几个层级？,1^3$2^4$3^5,20,3
572,31$30$29$28$27$26$25$24$23$22$21$20$19$18$17$16$15$14$13$12,用下列锅炒菜，对人体健康更有益的是？,1^铝锅$2^铁锅$3^不粘锅,20,2
573,31$30$29$28$27$26$25$24$23$22$21$20$19$18$17$16$15$14$13$12,以募集方式设立股份有限公司的，发起人认购的股份不得少于股份总额的多少比例？,1^80%$2^11%$3^35%,20,3
574,31$30$29$28$27$26$25$24$23$22$21$20$19$18$17$16$15$14$13$12,以商品批发为主的有限责任公司的最低注册资本为？,1^5万$2^50万$3^500万,20,2
575,31$30$29$28$27$26$25$24$23$22$21$20$19$18$17$16$15$14$13$12,明代官服上绣有大块的“补丁”即“补子”，那么 “补丁”上的图案是什么？,1^飞禽走兽$2^花鸟$3^虫鱼,20,1
576,31$30$29$28$27$26$25$24$23$22$21$20$19$18$17$16$15$14$13$12,以下不属于电脑软件的是？,1^快播$2^鼠标$3^QQ,20,2
577,31$30$29$28$27$26$25$24$23$22$21$20$19$18$17$16$15$14$13$12,睡觉时若希望更凉爽，可用？,1^火盆$2^凉席$3^关窗户,20,2
578,31$30$29$28$27$26$25$24$23$22$21$20$19$18$17$16$15$14$13$12,以下电话号码中，哪种按普通话费收费？,1^110$2^114$3^120,20,2
579,31$30$29$28$27$26$25$24$23$22$21$20$19$18$17$16$15$14$13$12,中国民间为什么要吃腊八粥？,1^纪念释迦摩尼$2^饿了$3^想吃了,20,1
580,31$30$29$28$27$26$25$24$23$22$21$20$19$18$17$16$15$14$13$12,以下各项哪个是人造天体？,1^行星$2^卫星$3^恒星,20,2
581,31$30$29$28$27$26$25$24$23$22$21$20$19$18$17$16$15$14$13$12,以下节气中哪个反映了自然界生物的物候现象？,1^冬眠$2^冰雪消融$3^落叶,20,1
582,31$30$29$28$27$26$25$24$23$22$21$20$19$18$17$16$15$14$13$12,以下没有对废电池环境管理立法的国家是？,1^美国人$2^日本$3^中国,20,3
583,31$30$29$28$27$26$25$24$23$22$21$20$19$18$17$16$15$14$13$12,以下哪个不属于使馆馆长的级别？,1^临时代办$2^外交交涉$3^遣返本国居民,20,1
584,31$30$29$28$27$26$25$24$23$22$21$20$19$18$17$16$15$14$13$12,以下哪个国家是“丁香和剑麻之国”？,1^印尼$2^坦桑尼亚$3^波多黎各,20,2
585,31$30$29$28$27$26$25$24$23$22$21$20$19$18$17$16$15$14$13$12,以下哪个国家由一战前的债务国变为战后债权国？,1^日本$2^中国$3^菲律宾,20,1
586,31$30$29$28$27$26$25$24$23$22$21$20$19$18$17$16$15$14$13$12,以下哪个酒是我国的传统酒类？,1^威士忌$2^白兰地$3^黄酒,20,3
587,31$30$29$28$27$26$25$24$23$22$21$20$19$18$17$16$15$14$13$12,以下哪件事件是《水浒》中梁山好汉武松所为？,1^智劫生辰纲$2^醉打蒋门神$3^倒拔垂杨柳,20,2
588,31$30$29$28$27$26$25$24$23$22$21$20$19$18$17$16$15$14$13$12,以下哪个省是大熊猫的产地？,1^甘肃$2^新疆$3^湖北,20,1
589,31$30$29$28$27$26$25$24$23$22$21$20$19$18$17$16$15$14$13$12,以下哪项人员不享有全部外交特权与豁免权？,1^外交部长$2^国家领导人$3^领事,20,3
590,31$30$29$28$27$26$25$24$23$22$21$20$19$18$17$16$15$14$13$12,以下哪些果实是核果？,1^樱桃$2^黄瓜$3^香蕉,20,1
591,31$30$29$28$27$26$25$24$23$22$21$20$19$18$17$16$15$14$13$12,以下哪些是鲸和普通鱼类的不同之处？,1^鱼鳍$2^生活环境$3^血液温度,20,3
592,31$30$29$28$27$26$25$24$23$22$21$20$19$18$17$16$15$14$13$12,以下哪些属于田径比赛中的中长跑项目？,1^100000米跑$2^100米跑$3^1500米跑,20,3
593,31$30$29$28$27$26$25$24$23$22$21$20$19$18$17$16$15$14$13$12,以下哪个著作权的保护期受限制？,1^修改权$2^发表权$3^署名权,20,2
594,31$30$29$28$27$26$25$24$23$22$21$20$19$18$17$16$15$14$13$12,以下哪一个不是伦敦名胜？,1^白金汉宫$2^大本钟$3^卢浮宫,20,3
595,31$30$29$28$27$26$25$24$23$22$21$20$19$18$17$16$15$14$13$12,以下哪一个不属于交通警告标志？,1^车速限制$2^施工$3^注意行人,20,1
596,31$30$29$28$27$26$25$24$23$22$21$20$19$18$17$16$15$14$13$12,以下哪一个故事属于“弄假成真”？,1^孙权嫁妹$2^火烧赤壁$3^失荆州,20,1
597,31$30$29$28$27$26$25$24$23$22$21$20$19$18$17$16$15$14$13$12,以下哪一个国家不曾在南北美洲都拥有殖民地？,1^英国$2^法国$3^葡萄牙,20,3
598,31$30$29$28$27$26$25$24$23$22$21$20$19$18$17$16$15$14$13$12,鉴别墨的好坏时，墨色以什么颜色为最佳？,1^黑色$2^褐色$3^紫色,20,3
599,31$30$29$28$27$26$25$24$23$22$21$20$19$18$17$16$15$14$13$12,火车机车的发明者是？,1^海尔兄弟$2^史蒂芬孙$3^莱特兄弟,20,2
600,31$30$29$28$27$26$25$24$23$22$21$20$19$18$17$16$15$14$13$12,以下哪一类茶是半发酵茶？,1^乌龙茶$2^珠茶$3^龙井茶,20,1
601,31$30$29$28$27$26$25$24$23$22$21$20$19$18$17$16$15$14$13$12,以下哪一位是中西交往史上较早的人物？,1^玄奘$2^孙中山$3^郑和,20,1
602,31$30$29$28$27$26$25$24$23$22$21$20$19$18$17$16$15$14$13$12,以下哪一位曾被称为“药王”？,1^华佗$2^孙思邈$3^扁鹊,20,2
603,31$30$29$28$27$26$25$24$23$22$21$20$19$18$17$16$15$14$13$12,以下哪一项不是地球“五带”的正确叙述？,1^亚热带$2^温带$3^北热带,20,3
604,31$30$29$28$27$26$25$24$23$22$21$20$19$18$17$16$15$14$13$12,以下哪一项不是商鞅变法的内容？,1^废井田$2^重农桑$3^建立县制,20,3
605,31$30$29$28$27$26$25$24$23$22$21$20$19$18$17$16$15$14$13$12,以下哪一项不属于税务登记？,1^营业登记$2^解散破产$3^纳税变更,20,1
606,31$30$29$28$27$26$25$24$23$22$21$20$19$18$17$16$15$14$13$12,以下哪一项不属于种子植物？,1^裸子植物$2^被子植物$3^孢子植物,20,3
607,31$30$29$28$27$26$25$24$23$22$21$20$19$18$17$16$15$14$13$12,以下哪一种不是刑法的附加刑？,1^管制$2^罚金$3^没收财产,20,1
608,31$30$29$28$27$26$25$24$23$22$21$20$19$18$17$16$15$14$13$12,以下哪一种调料，是川菜的常用调料？,1^葱香$2^豆瓣$3^西汁,20,2
609,31$30$29$28$27$26$25$24$23$22$21$20$19$18$17$16$15$14$13$12,以下哪一种商品的需求价格弹性最小？,1^食盐$2^彩电$3^鞋帽,20,1
610,31$30$29$28$27$26$25$24$23$22$21$20$19$18$17$16$15$14$13$12,以下哪一著作不是用来解释《春秋》的？,1^《左传》$2^《国语》$3^《公羊》,20,2
611,31$30$29$28$27$26$25$24$23$22$21$20$19$18$17$16$15$14$13$12,以下哪一作法不利于新生儿更多地看到玩具？,1^悬于头上$2^放在面前$3^眼前晃动,20,1
612,31$30$29$28$27$26$25$24$23$22$21$20$19$18$17$16$15$14$13$12,以下哪种菜肴是湖南风味？,1^荞面饸饹$2^油泼面$3^东安子鸡,20,3
613,31$30$29$28$27$26$25$24$23$22$21$20$19$18$17$16$15$14$13$12,以下哪种动物的血压最高？,1^狮子$2^长颈鹿$3^老虎,20,2
614,31$30$29$28$27$26$25$24$23$22$21$20$19$18$17$16$15$14$13$12,以下哪种动物是软体动物？,1^蜘蛛$2^蜗牛$3^燕子,20,2
615,31$30$29$28$27$26$25$24$23$22$21$20$19$18$17$16$15$14$13$12,以下哪种方法可以预防龋齿？,1^睡前不刷牙$2^多吃糖$3^茶水漱口,20,3
616,31$30$29$28$27$26$25$24$23$22$21$20$19$18$17$16$15$14$13$12,以下哪种人，不属于古代日耳曼民族？,1^希洛人$2^法兰克人$3^西哥特人,20,1
617,31$30$29$28$27$26$25$24$23$22$21$20$19$18$17$16$15$14$13$12,干葡萄酒的特点是什么？,1^很甜$2^有点辣$3^尝不到甜味,20,3
618,31$30$29$28$27$26$25$24$23$22$21$20$19$18$17$16$15$14$13$12,以下哪种使馆工作人员不具有外交官职位？,1^高级行政职员$2^参赞$3^随员,20,1
619,31$30$29$28$27$26$25$24$23$22$21$20$19$18$17$16$15$14$13$12,以下哪种室内盆栽植物是常年开花的？,1^石竹花$2^绣球$3^非洲紫罗兰,20,1
620,31$30$29$28$27$26$25$24$23$22$21$20$19$18$17$16$15$14$13$12,以下哪种物质是矿物？,1^钙$2^玛瑙$3^钠,20,2
621,31$30$29$28$27$26$25$24$23$22$21$20$19$18$17$16$15$14$13$12,以下哪种植物是被子植物？,1^柳树$2^仙人掌$3^苹果,20,3
622,31$30$29$28$27$26$25$24$23$22$21$20$19$18$17$16$15$14$13$12,以下哪种作物原产于我国？,1^玉米$2^荔枝$3^向日葵,20,2
623,31$30$29$28$27$26$25$24$23$22$21$20$19$18$17$16$15$14$13$12,以下哪种行为不可用来判别婴儿是否吃饱？,1^哭的频率$2^脸色$3^动作,20,1
624,31$30$29$28$27$26$25$24$23$22$21$20$19$18$17$16$15$14$13$12,以下三种材料中最耐腐蚀的是？,1^不锈钢$2^聚四氟乙烯$3^陶瓷,20,2
625,31$30$29$28$27$26$25$24$23$22$21$20$19$18$17$16$15$14$13$12,以下三种水中生产成本最高的是？,1^纯净水$2^矿泉水$3^太空水,20,3
626,31$30$29$28$27$26$25$24$23$22$21$20$19$18$17$16$15$14$13$12,雄招潮蟹有时在夜间用大螯有节奏地轻叩地面是为了什么？,1^吸引雌蟹$2^准备捕食$3^挖洞,20,1
627,31$30$29$28$27$26$25$24$23$22$21$20$19$18$17$16$15$14$13$12,熊猫的交配多采用？,1^一夫多妻制$2^多夫多妻制$3^一夫一妻制,20,2
628,31$30$29$28$27$26$25$24$23$22$21$20$19$18$17$16$15$14$13$12,熊猫属于食肉目还是食草目？,1^杂食目$2^食草目$3^食肉目,20,3
629,31$30$29$28$27$26$25$24$23$22$21$20$19$18$17$16$15$14$13$12,“休克疗法”本是医学术语，后被引入哪一领域？,1^政治$2^经济$3^勘探,20,2
630,31$30$29$28$27$26$25$24$23$22$21$20$19$18$17$16$15$14$13$12,“秀才”最初的意思是？,1^通称才之秀者$2^秀出才华$3^生锈的材料,20,1
631,31$30$29$28$27$26$25$24$23$22$21$20$19$18$17$16$15$14$13$12,徐悲鸿以画什么闻名世界？,1^奔马$2^建筑$3^梅兰竹菊,20,1
632,31$30$29$28$27$26$25$24$23$22$21$20$19$18$17$16$15$14$13$12,法国干邑白兰地酒的“X.O”标志表示什么意思？,1^产地$2^类型$3^贮藏期,20,2
633,31$30$29$28$27$26$25$24$23$22$21$20$19$18$17$16$15$14$13$12,许多动物都拥有带电或发光的器官，对这些器官的用途说法不正确的是？,1^照明$2^捕食$3^恐吓,20,1
634,31$30$29$28$27$26$25$24$23$22$21$20$19$18$17$16$15$14$13$12,许多人都喜欢到低于海平面410公尺的死海去做日光浴是因为？,1^盐分大$2^气候良好$3^紫外线最弱,20,3
635,31$30$29$28$27$26$25$24$23$22$21$20$19$18$17$16$15$14$13$12,许海峰在男子什么比赛项目中夺得中国首枚奥运会金牌？,1^田径$2^手枪$3^举重,20,2
636,31$30$29$28$27$26$25$24$23$22$21$20$19$18$17$16$15$14$13$12,《家》《春》《秋》是我国作家巴金的代表作品，合称？,1^激情三部曲$2^激流三部曲$3^爱情三部曲,20,2
637,31$30$29$28$27$26$25$24$23$22$21$20$19$18$17$16$15$14$13$12,宣德炉是一种？,1^陶瓷制品$2^金属器皿$3^青铜制品,20,2
638,31$30$29$28$27$26$25$24$23$22$21$20$19$18$17$16$15$14$13$12,宣纸中的“生宣”怎样加工成“熟宣”？,1^加热$2^放置一年$3^明矾水浸泡,20,3
639,31$30$29$28$27$26$25$24$23$22$21$20$19$18$17$16$15$14$13$12,学习绘画时，由浅入深，循序渐进的学习次序应是静物、风景，最后是什么？,1^动物$2^人物$3^海洋,20,2
640,31$30$29$28$27$26$25$24$23$22$21$20$19$18$17$16$15$14$13$12,雪莲花的颜色是？,1^深红色$2^雪白色$3^天蓝色,20,1
641,31$30$29$28$27$26$25$24$23$22$21$20$19$18$17$16$15$14$13$12,雪球在雪地上滚动会越来越大，是因为雪片的什么力？,1^摩擦力$2^黏着力$3^大气压力,20,2
642,31$30$29$28$27$26$25$24$23$22$21$20$19$18$17$16$15$14$13$12,“战国四公子”中齐国的孟尝君名为？,1^扶苏$2^无忌$3^田文,20,3
643,31$30$29$28$27$26$25$24$23$22$21$20$19$18$17$16$15$14$13$12,血管破裂时，血液中的什么物质会凝结成块，堵住破裂部分以止血？,1^血红蛋白$2^白细胞$3^血小板,20,3
644,31$30$29$28$27$26$25$24$23$22$21$20$19$18$17$16$15$14$13$12,“君子之交淡若水，小人之交甘若醴”出自下列哪部作品？,1^庄子$2^孟子$3^大学,20,1
645,31$30$29$28$27$26$25$24$23$22$21$20$19$18$17$16$15$14$13$12,血液占成人体重的？,1^7-8%$2^15-20%$3^30-35%,20,1
646,31$30$29$28$27$26$25$24$23$22$21$20$19$18$17$16$15$14$13$12,血液中的红细胞可以存活多少天？,1^365天$2^30天$3^120天,20,3
647,31$30$29$28$27$26$25$24$23$22$21$20$19$18$17$16$15$14$13$12,血液中，数量最少的是？,1^白细胞$2^血小板$3^红细胞,20,1
648,31$30$29$28$27$26$25$24$23$22$21$20$19$18$17$16$15$14$13$12,牙膏质量的高低取决于什么？,1^泡沫$2^颜色$3^摩擦剂,20,3
649,31$30$29$28$27$26$25$24$23$22$21$20$19$18$17$16$15$14$13$12,亚里士多德研究天文学时，认为除了水、火、气、土之外还有？,1^黄金$2^以太$3^木材,20,2
650,31$30$29$28$27$26$25$24$23$22$21$20$19$18$17$16$15$14$13$12,亚欧大陆桥在欧洲的终点站是？,1^鹿特丹$2^连云港$3^莫斯科,20,1
651,31$30$29$28$27$26$25$24$23$22$21$20$19$18$17$16$15$14$13$12,亚硝胺是食品中致癌的因素，但是可以多吃什么来抑制人体对亚硝胺的吸收和合成转？,1^茴香$2^韭菜$3^大白菜,20,3
652,31$30$29$28$27$26$25$24$23$22$21$20$19$18$17$16$15$14$13$12,亚洲第一个举办奥运会的国家是？,1^日本$2^韩国$3^中国,20,1
653,31$30$29$28$27$26$25$24$23$22$21$20$19$18$17$16$15$14$13$12,亚洲首次举办奥运会是哪一届？,1^第14届$2^第18届$3^第22届,20,2
654,31$30$29$28$27$26$25$24$23$22$21$20$19$18$17$16$15$14$13$12,下列哪把宝剑是王勃《滕王阁序》里提到的？,1^鱼肠剑$2^干将剑$3^龙泉剑,20,3
655,31$30$29$28$27$26$25$24$23$22$21$20$19$18$17$16$15$14$13$12,眼珠怕冷吗？,1^不怕$2^怕$3^分情况,20,1
656,31$30$29$28$27$26$25$24$23$22$21$20$19$18$17$16$15$14$13$12,燕窝中最珍贵的是？,1^白燕$2^血燕$3^毛燕,20,2
657,31$30$29$28$27$26$25$24$23$22$21$20$19$18$17$16$15$14$13$12,下列酒中最宜在吃海鲜时饮用的是？,1^啤酒$2^红葡萄酒$3^干白葡萄酒,20,3
658,31$30$29$28$27$26$25$24$23$22$21$20$19$18$17$16$15$14$13$12,扬沙、沙尘暴与浮尘天气多出现在？,1^暖空气过境$2^副热带高压$3^冷空气过境,20,3
659,31$30$29$28$27$26$25$24$23$22$21$20$19$18$17$16$15$14$13$12,羊肉泡馍是我国哪一城市的风味食品？,1^桂林$2^西安$3^哈尔滨,20,2
660,31$30$29$28$27$26$25$24$23$22$21$20$19$18$17$16$15$14$13$12,阳春白雪和下里巴人源于什么时代？,1^战国$2^春秋$3^隋唐,20,1
661,31$30$29$28$27$26$25$24$23$22$21$20$19$18$17$16$15$14$13$12,仰韶文化是我国历史上哪个时代中期的文化？,1^铁器$2^青铜器$3^新石器,20,3
662,31$30$29$28$27$26$25$24$23$22$21$20$19$18$17$16$15$14$13$12,“尧天禹日”是指代什么的？,1^太平盛世$2^天气炎热$3^社会动荡,20,1
663,31$30$29$28$27$26$25$24$23$22$21$20$19$18$17$16$15$14$13$12,药品的包装上，都印有药名，药名又分通用名和商品名，那么同种药品的通用名相同吗？,1^一定相同$2^不一定相同$3^一定不相同,20,1
664,31$30$29$28$27$26$25$24$23$22$21$20$19$18$17$16$15$14$13$12,药品零售店的的统一标志是？,1^红十字$2^绿十字$3^蓝十字,20,2
665,31$30$29$28$27$26$25$24$23$22$21$20$19$18$17$16$15$14$13$12,药膳中的用药都是补药，是所谓“太平药”。常吃药膳对身体有益吗？,1^无益$2^有益$3^非常有益,20,1
666,31$30$29$28$27$26$25$24$23$22$21$20$19$18$17$16$15$14$13$12,下列是绿色无公害食品的是？,1^野菜$2^商品蔬菜$3^野果,20,2
667,31$30$29$28$27$26$25$24$23$22$21$20$19$18$17$16$15$14$13$12,泰勒斯认为万物之源是？,1^水$2^火$3^人,20,1
668,31$30$29$28$27$26$25$24$23$22$21$20$19$18$17$16$15$14$13$12,“业精于勤，而荒于嬉”是中国哪位古人提出来的思想？,1^李宗元$2^韩愈$3^李鸿章,20,2
669,31$30$29$28$27$26$25$24$23$22$21$20$19$18$17$16$15$14$13$12,“蓝藻”呈现绿色是因为含有什么物质？,1^叶青素$2^色素$3^叶绿素,20,3
670,31$30$29$28$27$26$25$24$23$22$21$20$19$18$17$16$15$14$13$12,下列哪位不是京剧四大名旦之一？,1^叶盛兰$2^梅兰芳$3^程砚秋,20,1
671,31$30$29$28$27$26$25$24$23$22$21$20$19$18$17$16$15$14$13$12,1869年3月，谁正式公布了元素周期律？,1^门捷列夫$2^祖冲之$3^元问好,20,1
672,31$30$29$28$27$26$25$24$23$22$21$20$19$18$17$16$15$14$13$12,夜间停止使用指挥信号灯指挥交通后，提醒车辆、行人前方是交叉路口而设置的信号灯是？,1^绿灯亮$2^黄灯闪$3^红灯亮,20,2
673,31$30$29$28$27$26$25$24$23$22$21$20$19$18$17$16$15$14$13$12,夜空中除了月亮，肉眼能看到的最亮的星星是？,1^北极星$2^启明星$3^金星,20,3
674,31$30$29$28$27$26$25$24$23$22$21$20$19$18$17$16$15$14$13$12,什么人是最早到纽约定居的欧洲人民？,1^荷兰人$2^法国人$3^英国人,20,1
675,31$30$29$28$27$26$25$24$23$22$21$20$19$18$17$16$15$14$13$12,世界上有两部同名小说《狂人日记》，它们的作者分别是鲁迅和谁？,1^果戈理$2^莫泊桑$3^范克茹,20,1
676,31$30$29$28$27$26$25$24$23$22$21$20$19$18$17$16$15$14$13$12,一般而言，防锈纸的使用年限是？,1^3-5年$2^5-10年$3^20-30年,20,1
677,31$30$29$28$27$26$25$24$23$22$21$20$19$18$17$16$15$14$13$12,一般而言，将戒指戴在中指上表示什么？,1^订婚$2^恋爱中$3^已婚,20,2
678,31$30$29$28$27$26$25$24$23$22$21$20$19$18$17$16$15$14$13$12,一般而言，山羊皮革和绵羊皮革哪个好？,1^山羊皮革$2^绵羊皮革$3^一样好,20,1
679,31$30$29$28$27$26$25$24$23$22$21$20$19$18$17$16$15$14$13$12,一般金婚是纪念结婚多少年？,1^10年$2^100年$3^50年,20,3
680,31$30$29$28$27$26$25$24$23$22$21$20$19$18$17$16$15$14$13$12,一般来说玻璃杯是薄的容易炸裂，还是厚的？,1^薄的$2^厚的$3^一样,20,2
681,31$30$29$28$27$26$25$24$23$22$21$20$19$18$17$16$15$14$13$12,一般来说，在发生通货膨胀时，靠固定工资生活的人的生活水平会怎样？,1^上升$2^不变$3^下降,20,3
682,31$30$29$28$27$26$25$24$23$22$21$20$19$18$17$16$15$14$13$12,一般两栖动物在海洋里也照样能够生存是吗？,1^不可能$2^有的能$3^都能,20,1
683,31$30$29$28$27$26$25$24$23$22$21$20$19$18$17$16$15$14$13$12,一般认为篮球起源于哪个国家？?,1^美国$2^英国$3^西班牙,20,1
684,31$30$29$28$27$26$25$24$23$22$21$20$19$18$17$16$15$14$13$12,一般丝织品上都有一张标签，这标签上印有五位数，在五位数前还有个英文字母 这个英文字母的含义是指？,1^产地$2^生产商$3^认证机构,20,1
685,31$30$29$28$27$26$25$24$23$22$21$20$19$18$17$16$15$14$13$12,一般天气的变化发生在哪一层？,1^对流层$2^平流层$3^中间层,20,1
686,31$30$29$28$27$26$25$24$23$22$21$20$19$18$17$16$15$14$13$12,一暴十寒这则成语是用来形容人的什么？,1^天气诡异$2^半途而废$3^做事情经得住考验,20,2
687,31$30$29$28$27$26$25$24$23$22$21$20$19$18$17$16$15$14$13$12,NBA的一场篮球赛每个运动员最多允许犯规次数为？,1^3次$2^5次$3^6次,20,3
688,31$30$29$28$27$26$25$24$23$22$21$20$19$18$17$16$15$14$13$12,一次地震有几个震级？,1^多个$2^2个$3^1个,20,3
689,31$30$29$28$27$26$25$24$23$22$21$20$19$18$17$16$15$14$13$12,一次性筷子的发明者是哪国人？,1^中国人$2^日本人$3^韩国人,20,2
690,31$30$29$28$27$26$25$24$23$22$21$20$19$18$17$16$15$14$13$12,一朵向日葵花能结多少葵花籽？,1^1000个$2^1个$3^没有籽,20,2
691,31$30$29$28$27$26$25$24$23$22$21$20$19$18$17$16$15$14$13$12,一个标准的足球，它的周长大概有？,1^50-60cm$2^100-120cm$3^20-30cm,20,1
692,31$30$29$28$27$26$25$24$23$22$21$20$19$18$17$16$15$14$13$12,一个帝王陵区只有一个主神道，一般修在谁的陵前？,1^第一个埋葬着$2^工匠$3^嫔妃,20,1
693,31$30$29$28$27$26$25$24$23$22$21$20$19$18$17$16$15$14$13$12,一个孩子智商为100表明他和同龄人相比怎么样？,1^聪明$2^智力一般$3^愚蠢,20,2
694,31$30$29$28$27$26$25$24$23$22$21$20$19$18$17$16$15$14$13$12,一个企业通过贿赂政府官员而得到政府的默许或帮助，这在经济学上被称为？,1^权力寻租$2^权力转移$3^权利延伸,20,1
695,31$30$29$28$27$26$25$24$23$22$21$20$19$18$17$16$15$14$13$12,一个细胞一小时分裂三个，9小时可以把一个容器装满，多少时间使分裂的细胞装到容器的1/9？,1^3小时$2^7小时$3^1小时,20,2
696,31$30$29$28$27$26$25$24$23$22$21$20$19$18$17$16$15$14$13$12,一个运动员在靠近哪里的城市投掷更容易破世界纪录吗？,1^赤道$2^南极$3^北极,20,1
697,31$30$29$28$27$26$25$24$23$22$21$20$19$18$17$16$15$14$13$12,一公斤铁和一公斤棉花哪一个轻？,1^铁$2^一样重$3^棉花,20,2
698,31$30$29$28$27$26$25$24$23$22$21$20$19$18$17$16$15$14$13$12,“一狐之腋”比喻什么样的事物？,1^丑陋$2^平凡$3^珍贵,20,3
699,31$30$29$28$27$26$25$24$23$22$21$20$19$18$17$16$15$14$13$12,一块砖放在疏松的沙堆上，平放和竖放哪种情况下陷的深？,1^平放$2^竖放$3^一样,20,2
700,31$30$29$28$27$26$25$24$23$22$21$20$19$18$17$16$15$14$13$12,“天生我材必有用，千金散尽还复来”是出自？,1^梦游天姥吟留别$2^将进酒$3^蜀道难,20,2
701,31$30$29$28$27$26$25$24$23$22$21$20$19$18$17$16$15$14$13$12,一男婴出生后第三天体重比出生时减轻了8%，这说明？,1^正常$2^病态$3^濒死,20,1
702,31$30$29$28$27$26$25$24$23$22$21$20$19$18$17$16$15$14$13$12,一年十二个月，是依据什么划分的？,1^节气$2^地球公转$3^太阳自转,20,2
703,31$30$29$28$27$26$25$24$23$22$21$20$19$18$17$16$15$14$13$12,中国旧时流行的《百家姓》出自哪个朝代？,1^北宋$2^南宋$3^元末,20,1
704,31$30$29$28$27$26$25$24$23$22$21$20$19$18$17$16$15$14$13$12,一审民事案件最长的审结是多长时间？,1^1个月$2^3个月$3^15个月,20,3
705,31$30$29$28$27$26$25$24$23$22$21$20$19$18$17$16$15$14$13$12,一天中血管病人的最危险的时刻是什么时候？,1^凌晨3点$2^正午12点$3^下午6点,20,1
706,31$30$29$28$27$26$25$24$23$22$21$20$19$18$17$16$15$14$13$12,一条热带鱼的口上翘，则这条鱼在哪层水域活动？,1^下层$2^上层$3^深层,20,2
707,31$30$29$28$27$26$25$24$23$22$21$20$19$18$17$16$15$14$13$12,一听可口可乐的净含量是？,1^500ml$2^150ml$3^335ml,20,3
708,31$30$29$28$27$26$25$24$23$22$21$20$19$18$17$16$15$14$13$12,一些轿车车身后有2.0、2.6、2.8等阿拉伯数字，这是指？,1^汽车重量$2^发动机排量$3^坐人数量,20,2
709,31$30$29$28$27$26$25$24$23$22$21$20$19$18$17$16$15$14$13$12,一些人经常在某歌厅吸毒，该歌厅老板对此视而不见，法律将以什么罪进行处罚？,1^容留他人吸毒罪$2^包庇罪$3^贩毒罪,20,1
710,31$30$29$28$27$26$25$24$23$22$21$20$19$18$17$16$15$14$13$12,一些小轿车的尾部装有翘起的板，这种板可以使汽车？,1^浮力增加$2^附着力增加$3^外观时髦,20,2
711,31$30$29$28$27$26$25$24$23$22$21$20$19$18$17$16$15$14$13$12,“一衣带水”的水是指哪条河流？,1^长江$2^黄河$3^淮河,20,1
712,31$30$29$28$27$26$25$24$23$22$21$20$19$18$17$16$15$14$13$12,一只菠萝就是几朵花的果实？,1^1朵$2^2朵$3^很多朵,20,3
713,31$30$29$28$27$26$25$24$23$22$21$20$19$18$17$16$15$14$13$12,校园歌曲《童年》的词曲作者是？,1^罗大佑$2^周华健$3^李宗盛,20,1
714,31$30$29$28$27$26$25$24$23$22$21$20$19$18$17$16$15$14$13$12,校园歌曲最早出现在？,1^中国$2^日本$3^英国,20,2
715,31$30$29$28$27$26$25$24$23$22$21$20$19$18$17$16$15$14$13$12,校园流行用语中的“白菜”一词是指？,1^漂亮白女孩$2^没有经验的毕业生$3^死读书,20,1
716,31$30$29$28$27$26$25$24$23$22$21$20$19$18$17$16$15$14$13$12,蝎子的毒刺长在哪里？?,1^腹部尖端$2^头部$3^尾部,20,3
717,31$30$29$28$27$26$25$24$23$22$21$20$19$18$17$16$15$14$13$12,鞋号“18号”表示鞋的？,1^宽度$2^长度$3^空间,20,2
718,31$30$29$28$27$26$25$24$23$22$21$20$19$18$17$16$15$14$13$12,发射第一颗人造卫星的国家是？,1^前苏联$2^英国$3^美国,20,1
719,31$30$29$28$27$26$25$24$23$22$21$20$19$18$17$16$15$14$13$12,无效婚姻和可撤消婚姻制度是哪部法律规定的？,1^《婚姻法》$2^《民法》$3^《刑法》,20,1
720,31$30$29$28$27$26$25$24$23$22$21$20$19$18$17$16$15$14$13$12,新的电信资费对长途电话以多长时间为单位进行计费？,1^6秒钟$2^1分钟$3^1秒钟,20,1
721,31$30$29$28$27$26$25$24$23$22$21$20$19$18$17$16$15$14$13$12,新的机动车报废标准规定 家用轿车最长可以使用多长时间？,1^40年$2^15年$3^30年,20,2
722,31$30$29$28$27$26$25$24$23$22$21$20$19$18$17$16$15$14$13$12,新凤霞是演什么的？,1^京剧$2^粤剧$3^评剧,20,3
723,31$30$29$28$27$26$25$24$23$22$21$20$19$18$17$16$15$14$13$12,新公布的《医疗事故处理条例》中有规定的是？?,1^事故分责任和技术$2^医学会负责事故鉴定$3^任意涂改病历,20,3
724,31$30$29$28$27$26$25$24$23$22$21$20$19$18$17$16$15$14$13$12,新加坡经济发展较快的主要原因是什么优势？,1^地理位置$2^城市绿化$3^人口数量,20,1
725,31$30$29$28$27$26$25$24$23$22$21$20$19$18$17$16$15$14$13$12,俗话说“江山易改”的下一句是什么?,1^本性难移$2^世态炎凉$3^事与人为,20,1
726,31$30$29$28$27$26$25$24$23$22$21$20$19$18$17$16$15$14$13$12,新生儿感到最舒适的室温大约是？,1^36摄氏度$2^24摄氏度$3^42摄氏度,20,2
727,31$30$29$28$27$26$25$24$23$22$21$20$19$18$17$16$15$14$13$12,新石器时代属于石器时代的哪个时期？,1^晚期$2^早期$3^中期,20,1
728,31$30$29$28$27$26$25$24$23$22$21$20$19$18$17$16$15$14$13$12,新石器与旧石器的差别是？,1^制作方法$2^石器大小$3^使用方法,20,1
729,31$30$29$28$27$26$25$24$23$22$21$20$19$18$17$16$15$14$13$12,新四军是哪一地区抗日的主力？,1^晋西北$2^华中$3^东北,20,2
730,31$30$29$28$27$26$25$24$23$22$21$20$19$18$17$16$15$14$13$12,新文化运动中大力提倡白话文，推崇“实验主义”的代表人物是？,1^鲁迅$2^陈独秀$3^胡适,20,3
731,31$30$29$28$27$26$25$24$23$22$21$20$19$18$17$16$15$14$13$12,“六月飞雪”这一典故出自关汉卿的哪部戏剧？,1^单翅膀$2^无翅膀$3^双翅膀,20,2
732,31$30$29$28$27$26$25$24$23$22$21$20$19$18$17$16$15$14$13$12,新鲜蔬菜比冷冻蔬菜更有营养么？,1^不是$2^短时间是$3^长时间也是,20,1
733,31$30$29$28$27$26$25$24$23$22$21$20$19$18$17$16$15$14$13$12,李清照的词《一剪梅》中，“才下眉头”下一句是什么？,1^却上心头$2^又上心头$3^还上心头,20,1
734,31$30$29$28$27$26$25$24$23$22$21$20$19$18$17$16$15$14$13$12,新珍珠和老珍珠哪种价值高？,1^老珍珠$2^新珍珠$3^一样高,20,2
735,31$30$29$28$27$26$25$24$23$22$21$20$19$18$17$16$15$14$13$12,新中国第一部临时宪法的简称是？,1^中华民国临时约法$2^中华人民共和国宪法$3^共同纲领,20,3
736,31$30$29$28$27$26$25$24$23$22$21$20$19$18$17$16$15$14$13$12,新中国第一部律师法于哪一年开始施行？,1^1997年$2^1897年$3^1987年,20,1
737,31$30$29$28$27$26$25$24$23$22$21$20$19$18$17$16$15$14$13$12,庆祝中国人民政治协商会议第一届全体会议发行了中国第几套纪念邮票？,1^第八套$2^第十套$3^第一套,20,3
738,31$30$29$28$27$26$25$24$23$22$21$20$19$18$17$16$15$14$13$12,“心比天高，身为下贱”是《红楼梦》中对谁的判词？,1^晴雯$2^袭人$3^薛宝钗,20,1
739,31$30$29$28$27$26$25$24$23$22$21$20$19$18$17$16$15$14$13$12,由英达导演，宋丹丹.梁天.关凌等主演的中国第一部室内情景剧叫什么？,1^我爱我家$2^家有儿女$3^东北一家人,20,1
740,31$30$29$28$27$26$25$24$23$22$21$20$19$18$17$16$15$14$13$12,心理学家艾里克森把人的一生划分为既连续又具有不同质的8个阶段，每个阶段有不同的对立的品质及发展任务，其中12~18岁是？,1^勤奋感对自卑感$2^自主性对羞怯感$3^主动感对内疚感,20,1
741,31$30$29$28$27$26$25$24$23$22$21$20$19$18$17$16$15$14$13$12,心理学家艾里克森把人的一生划分为既连续又具有不同质的8个阶段，每个阶段有不同的对立的品质及发展任务，其中2~4岁是？,1^勤奋感对自卑感$2^自主性对羞怯感$3^主动感对内疚感,20,2
742,31$30$29$28$27$26$25$24$23$22$21$20$19$18$17$16$15$14$13$12,心理学家艾里克森把人的一生划分为既连续又具有不同质的8个阶段，每个阶段有不同的对立的品质及发展任务，其中4~7岁是？,1^勤奋感对自卑感$2^自主性对羞怯感$3^主动感对内疚感,20,3
743,31$30$29$28$27$26$25$24$23$22$21$20$19$18$17$16$15$14$13$12,心理学家艾里克森把人的一生划分为既连续又具有不同质的8个阶段，每个阶段有不同的对立的品质及发展任务，其中7~12岁是？,1^勤奋感对自卑感$2^自主性对羞怯感$3^主动感对内疚感,20,1
744,31$30$29$28$27$26$25$24$23$22$21$20$19$18$17$16$15$14$13$12,人生命活动终止的标志是？,1^呼吸消失$2^脑死亡$3^心脏停止,20,2
745,31$30$29$28$27$26$25$24$23$22$21$20$19$18$17$16$15$14$13$12,星是鉴别电冰箱制冷温度的标志，我国四星级的电冰箱最低可以制冷多少度？,1^-50°C$2^0°C$3^-20°C,20,3
746,31$30$29$28$27$26$25$24$23$22$21$20$19$18$17$16$15$14$13$12,“大山的子孙哟，爱太阳咯”是李琼的哪首歌？,1^山路十八弯$2^青藏高原$3^康定情歌,20,1
747,31$30$29$28$27$26$25$24$23$22$21$20$19$18$17$16$15$14$13$12,形容动物的鸣叫常用一个字表示，狼的叫声应该用？,1^嗥$2^嚎$3^嗷,20,1
748,31$30$29$28$27$26$25$24$23$22$21$20$19$18$17$16$15$14$13$12,行驶在支路的轿车A未让行驶在干路的轿车B导致两车在路口相撞，则哪辆车负全部责任？,1^A车$2^B车$3^各负一半,20,1
749,31$30$29$28$27$26$25$24$23$22$21$20$19$18$17$16$15$14$13$12,十二生肖中排在龙前面一位的动物是什么？,1^鸡$2^狗$3^兔,20,3
750,31$30$29$28$27$26$25$24$23$22$21$20$19$18$17$16$15$14$13$12,十二生肖中排在龙后面一位的动物是什么？,1^蛇$2^马$3^虎,20,1
751,31$30$29$28$27$26$25$24$23$22$21$20$19$18$17$16$15$14$13$12,行政诉讼的原告和被告是？,1^恒定的$2^可变的$3^唯一的,20,1
752,31$30$29$28$27$26$25$24$23$22$21$20$19$18$17$16$15$14$13$12,行政诉讼中，负举证责任的主要是？,1^公民$2^行政机关$3^法院,20,2
753,31$30$29$28$27$26$25$24$23$22$21$20$19$18$17$16$15$14$13$12,胸腺的作用是增强淋巴细胞的杀伤力，使淋巴细胞更为有效地杀灭细菌。胸腺只存在于人一生中的哪个阶段？,1^婴儿至青年$2^青年至中年$3^中年至老年,20,1
754,31$30$29$28$27$26$25$24$23$22$21$20$19$18$17$16$15$14$13$12,合肥是我国哪个省的省会？,1^安徽$2^吉林$3^辽宁,20,1
755,31$30$29$28$27$26$25$24$23$22$21$20$19$18$17$16$15$14$13$12,下列最甜的糖是？,1^单糖$2^果糖$3^二元糖,20,2
756,31$30$29$28$27$26$25$24$23$22$21$20$19$18$17$16$15$14$13$12,下列作品中属于达芬奇的是？,1^蒙娜丽莎$2^亚维农的少女$3^格尔尼卡,20,1
757,31$30$29$28$27$26$25$24$23$22$21$20$19$18$17$16$15$14$13$12,下面不是棉花纤维成分组成的是？,1^纯纤维素$2^微量的油脂$3^角蛋白纤维,20,3
758,31$30$29$28$27$26$25$24$23$22$21$20$19$18$17$16$15$14$13$12,下面不属于棉织品的是哪一种？,1^长绒棉$2^驼绒$3^细绒棉,20,2
759,31$30$29$28$27$26$25$24$23$22$21$20$19$18$17$16$15$14$13$12,下令“破釜沉舟”的我国古代将领是？,1^刘邦$2^赵云$3^项羽,20,3
760,31$30$29$28$27$26$25$24$23$22$21$20$19$18$17$16$15$14$13$12,下面不是明代的宣德炉之所以珍贵的原因是？,1^物以稀为贵$2^历史意义$3^材料稀有,20,2
761,31$30$29$28$27$26$25$24$23$22$21$20$19$18$17$16$15$14$13$12,下面的通讯社哪个属于美国？,1^法新社$2^美联社$3^路透社,20,2
762,31$30$29$28$27$26$25$24$23$22$21$20$19$18$17$16$15$14$13$12,下面干果中脂肪含量最高的是？,1^核桃仁$2^花生$3^瓜子,20,1
763,31$30$29$28$27$26$25$24$23$22$21$20$19$18$17$16$15$14$13$12,下面几种吃法对鸡蛋营养的吸收和消化率最高的是？,1^煎$2^做汤$3^煮,20,3
764,31$30$29$28$27$26$25$24$23$22$21$20$19$18$17$16$15$14$13$12,下面建筑的风格不属于伊斯兰艺术的是？,1^泰姬陵$2^圣索菲亚大教堂$3^珍珠清真寺,20,2
765,31$30$29$28$27$26$25$24$23$22$21$20$19$18$17$16$15$14$13$12,长春是我国哪个省的省会？,1^吉林$2^黑龙江$3^辽宁,20,1
766,31$30$29$28$27$26$25$24$23$22$21$20$19$18$17$16$15$14$13$12,下面几种水饮用后对人体都是有益的，但其中的哪种水是无法人工制造的？,1^天然矿泉水$2^雪水$3^纯净水,20,1
767,31$30$29$28$27$26$25$24$23$22$21$20$19$18$17$16$15$14$13$12,下面几个罗马数字中，比较大的是？,1^VI$2^V$3^IV,20,1
768,31$30$29$28$27$26$25$24$23$22$21$20$19$18$17$16$15$14$13$12,下面几种酱油更适于炒菜的是？,1^白酱油$2^生抽$3^老抽,20,3
769,31$30$29$28$27$26$25$24$23$22$21$20$19$18$17$16$15$14$13$12,下面哪个不是月球环形山的成因？,1^火山喷发$2^地壳隆起$3^流星体撞击,20,2
770,31$30$29$28$27$26$25$24$23$22$21$20$19$18$17$16$15$14$13$12,下面哪个省市不是黄河流经的省份？,1^湖北$2^山东$3^山西,20,1
771,31$30$29$28$27$26$25$24$23$22$21$20$19$18$17$16$15$14$13$12,下面几种扫描仪的感光器件中谁的清晰度和色彩还原度好？,1^CCD$2^PMT$3^CIS,20,1
772,31$30$29$28$27$26$25$24$23$22$21$20$19$18$17$16$15$14$13$12,下面哪个城市有“北国春城”之称？,1^哈尔滨$2^大连$3^长春,20,3
773,31$30$29$28$27$26$25$24$23$22$21$20$19$18$17$16$15$14$13$12,下面哪类证券公司可以从事证券自营业务？,1^经济类证券公司$2^综合类证券公司$3^期货类证券公司,20,2
774,31$30$29$28$27$26$25$24$23$22$21$20$19$18$17$16$15$14$13$12,下面哪些植物的原产地是在中国？,1^大白菜$2^菠萝$3^红薯,20,1
775,31$30$29$28$27$26$25$24$23$22$21$20$19$18$17$16$15$14$13$12,下面哪一个不属于长江三峡的是？,1^瞿塘峡$2^虎跳峡$3^巫峡,20,2
776,31$30$29$28$27$26$25$24$23$22$21$20$19$18$17$16$15$14$13$12,下面哪一首作品不属于著名作曲家刘天华所作？,1^光明行$2^改进操$3^二泉映月,20,3
777,31$30$29$28$27$26$25$24$23$22$21$20$19$18$17$16$15$14$13$12,下面哪一个不是构成大满贯的网球公开赛的是？,1^德国公开赛$2^澳大利亚公开赛$3^法国公开赛,20,1
778,31$30$29$28$27$26$25$24$23$22$21$20$19$18$17$16$15$14$13$12,下面哪一个是电视剧《笑傲江湖》中梅庄守门人丁坚的绰号？,1^一字电剑$2^天王老子$3^潇湘夜雨,20,1
779,31$30$29$28$27$26$25$24$23$22$21$20$19$18$17$16$15$14$13$12,下面哪一项不属于不可再生的三大常规能源？,1^天然气$2^石油$3^汽油,20,3
780,31$30$29$28$27$26$25$24$23$22$21$20$19$18$17$16$15$14$13$12,我国古代称女子“害喜”是指她怎么了,1^怀孕$2^结婚$3^去世,20,1
781,31$30$29$28$27$26$25$24$23$22$21$20$19$18$17$16$15$14$13$12,下面哪一种树被称为“活化石”？,1^银杏$2^银杉$3^铁树,20,1
782,31$30$29$28$27$26$25$24$23$22$21$20$19$18$17$16$15$14$13$12,下面哪一种炊具对人体健康最有益？,1^铝锅$2^沙锅$3^铁锅,20,3
783,31$30$29$28$27$26$25$24$23$22$21$20$19$18$17$16$15$14$13$12,下面哪一种是能降血压的食物？,1^桂圆$2^芹菜$3^大枣,20,2
784,31$30$29$28$27$26$25$24$23$22$21$20$19$18$17$16$15$14$13$12,下面哪一种熨烫衣服的方法是不正确的？,1^熨前喷一些水$2^长时间的熨$3^衣服和熨斗间垫湿布,20,2
785,31$30$29$28$27$26$25$24$23$22$21$20$19$18$17$16$15$14$13$12,世界三大饮料是咖啡.可可还有一个是中国的什么？,1^果汁$2^米醋$3^茶,20,3
786,31$30$29$28$27$26$25$24$23$22$21$20$19$18$17$16$15$14$13$12,下面哪种细胞中含有花青素？,1^细胞质$2^液泡$3^细胞膜,20,2
787,31$30$29$28$27$26$25$24$23$22$21$20$19$18$17$16$15$14$13$12,下面哪种真正是“鱼”？,1^章鱼$2^海豚$3^乌鱼,20,3
788,31$30$29$28$27$26$25$24$23$22$21$20$19$18$17$16$15$14$13$12,下面哪种面料不能用碱性洗涤剂？,1^纯棉$2^腈纶$3^涤纶,20,2
789,31$30$29$28$27$26$25$24$23$22$21$20$19$18$17$16$15$14$13$12,下面哪种鱼翅是能直接运用的半成品？,1^堆翅$2^烩鱼翅$3^黄肉翅,20,1
790,31$30$29$28$27$26$25$24$23$22$21$20$19$18$17$16$15$14$13$12,下面哪座山不是中国佛教四大名山之一？,1^普陀山$2^嵩山$3^峨眉山,20,2
791,31$30$29$28$27$26$25$24$23$22$21$20$19$18$17$16$15$14$13$12,下面清洗轿车的方法中正确的是？,1^用海绵薰煤油檫油渍$2^用含磨料清洁剂擦玻璃$3^用普通肥皂水擦转向盘,20,1
792,31$30$29$28$27$26$25$24$23$22$21$20$19$18$17$16$15$14$13$12,下面哪个是卫星发射基地的城市？,1^汉口$2^西昌$3^桂林,20,2
793,31$30$29$28$27$26$25$24$23$22$21$20$19$18$17$16$15$14$13$12,下面提供的几种识别矿泉水真假的方法哪一种是正确的？,1^瓶盖$2^口感$3^生产日期,20,2
794,31$30$29$28$27$26$25$24$23$22$21$20$19$18$17$16$15$14$13$12,夏季和秋季进行家庭装修后，到了什么季节墙面与门框容易出现缝隙？,1^冬季$2^春季$3^夏季,20,1
795,31$30$29$28$27$26$25$24$23$22$21$20$19$18$17$16$15$14$13$12,下面哪种珍珠哪一种最珍贵？,1^海水养殖珠$2^淡水养殖珠$3^天然海水珠,20,3
796,31$30$29$28$27$26$25$24$23$22$21$20$19$18$17$16$15$14$13$12,下坡高速滑雪赛中采用的滑雪杖是？,1^弯曲的$2^直角的$3^直的,20,1
797,31$30$29$28$27$26$25$24$23$22$21$20$19$18$17$16$15$14$13$12,一个正方体它的棱长是2米，那么它的体积是多少立方米？,1^2$2^6$3^8,20,3
798,31$30$29$28$27$26$25$24$23$22$21$20$19$18$17$16$15$14$13$12,歌曲《思念是一种病》《爱我别走》是哪们台湾男歌手演唱曲目？,1^张震岳$2^张震$3^郑晓明,20,1
799,31$30$29$28$27$26$25$24$23$22$21$20$19$18$17$16$15$14$13$12,我们一般在医院输液是把药物注入什么血管？,1^静脉$2^动脉$3^毛细血管,20,1
800,31$30$29$28$27$26$25$24$23$22$21$20$19$18$17$16$15$14$13$12,“叫化鸡”特色是采用泥土和什么植物的叶子包裹进行烧烤？,1^荷叶$2^草药$3^牛肉,20,1